serhis_hbdist,hislg_hbdist_toreflig,hisacid_hbdist,oxh1_hbdist,oxh1_hbdist_toreflig,oxh2_hbdist,oxh2_hbdist_toreflig,serhis_angleA,serhis_angleB,hislg_angleB_toreflig,hislg_angleA_toreflig,ser_chi,ser_chi_ref,serhis_dihedralB,hislg_dihedralA_toreflig,ser_sc_rmsd_toref,his_sc_rmsd_toref,acid_sc_rmsd_toref,deacyl_geom_rmsd_toreflig,oxyanion_rmsd_toreflig,serOG_unc,hisNE2_unc,hisND1_unc,acidOXY_unc,oxh1DON_unc,oxh2DON_unc,acylMe_unc,oxyan_unc,is_hbond_ser-his,is_hbond_his-lgref,is_hbond_oxh1-ox,is_hbond_oxh1-oxref,is_hbond_oxh2-ox,is_hbond_oxh2-oxref,is_hbond_his-asp,fape,lddt,rmsd,kabsch,prmsd,plddt,plddt_pde,oxh1_angleA,oxh1_angleA_toreflig,oxh1_angleB,oxh1_angleB_toreflig,oxh1_dihedralB,oxh1_dihedralB_toreflig,oxh2_angleA,oxh2_angleA_toreflig,oxh2_angleB,oxh2_angleB_toreflig,oxh2_dihedralB,oxh2_dihedralB_toreflig,hisacid_angleA,hisacid_angleB,hisacid_dihedralA,hisacid_dihedralB,pdb,ref,step,csv,i,label
3.169,2.664,2.866,2.985,2.787,2.364,2.667,109.119,80.602,103.749,136.808,-76.305,-63.828,-171.801,-161.686,0.331,1.474,0.181,1.348,0.399,0.95,0.61,0.78,0.43,0.08,0.93,1.52,2.35,True,True,True,True,True,True,True,0.9397475719451904,0.9623568058013916,0.6049671769142151,0.6010816097259521,0.8493492603302002,0.978034496307373,0.948455572128296,107.244,111.301,104.133,100.461,138.926,132.973,99.108,122.133,124.179,122.313,49.454,42.746,105.005,116.733,-163.08,-145.577,inputs/aei_super_af2_bu2_model.pdb,inputs/super_af2_bu2.pdb,deacyl,inputs/super_af2_bu2_aei.csv,0,super_af2_bu2
3.083,2.684,2.789,3.008,2.737,2.399,2.598,106.891,81.898,103.224,138.711,-81.563,-63.828,-175.278,-166.35,0.334,1.485,0.149,1.387,0.597,0.92,0.62,0.75,0.44,0.08,0.96,1.62,2.46,True,True,True,True,False,True,True,1.058996319770813,0.9589950442314148,0.6922618746757507,0.6853120923042297,0.8675763010978699,0.9759309887886048,0.9427796602249146,108.755,111.715,99.307,99.237,145.517,134.735,111.42,122.626,133.651,127.034,50.36,35.731,105.594,117.335,-163.247,-144.871,inputs/aei_super_af2_bu2_model.pdb,inputs/super_af2_bu2.pdb,deacyl,inputs/super_af2_bu2_aei.csv,1,super_af2_bu2
3.017,3.284,5.144,2.99,2.755,2.422,2.711,110.252,90.757,94.409,41.322,-81.998,-63.828,176.368,170.281,0.281,0.17,0.208,1.317,0.456,1.07,1.16,1.28,0.45,0.08,0.93,1.74,2.61,True,False,True,True,False,True,False,0.9472864866256714,0.9645815491676332,0.6636930704116821,0.6567510366439819,0.8738383650779724,0.975448191165924,0.9448583126068116,106.721,112.215,99.099,96.197,141.735,134.425,105.802,122.947,124.34,121.281,50.571,41.902,79.001,122.416,10.204,-148.573,inputs/aei_super_af2_bu2_model.pdb,inputs/super_af2_bu2.pdb,deacyl,inputs/super_af2_bu2_aei.csv,2,super_af2_bu2
3.086,2.641,2.854,3.035,2.791,2.121,2.711,109.74,82.349,104.366,136.056,-73.79,-63.828,-173.13,-165.368,0.238,1.474,0.318,1.392,0.649,0.99,0.78,1.04,0.45,0.08,0.95,1.62,2.52,True,True,True,True,False,True,True,0.9908317923545836,0.962062656879425,0.6202706694602966,0.617323637008667,0.879559338092804,0.9749653935432434,0.9464563131332396,106.888,110.906,109.286,99.025,140.468,134.339,99.573,122.903,118.023,121.186,50.558,44.089,102.41,120.93,-163.644,-142.345,inputs/aei_super_af2_bu2_model.pdb,inputs/super_af2_bu2.pdb,deacyl,inputs/super_af2_bu2_aei.csv,3,super_af2_bu2
3.055,2.619,2.836,3.016,2.801,2.784,3.235,112.546,87.106,103.462,137.25,-71.14,-63.828,-170.998,-162.723,0.116,1.478,0.202,1.316,0.488,0.86,0.61,0.78,0.4,0.08,0.93,1.2,1.83,True,True,True,True,False,False,True,0.9685729742050172,0.9611644744873048,0.604872465133667,0.6007542610168457,0.835473358631134,0.980068862438202,0.9492805004119872,105.993,111.908,105.075,97.053,134.094,137.371,95.278,123.988,98.711,99.212,52.695,56.266,106.273,115.762,-163.308,-146.99,inputs/aei_super_af2_bu2_model.pdb,inputs/super_af2_bu2.pdb,deacyl,inputs/super_af2_bu2_aei.csv,4,super_af2_bu2
7.524,5.745,6.399,3.068,2.777,2.461,2.46,126.048,125.869,140.408,142.206,-76.387,-63.828,-36.958,-38.304,0.267,3.837,0.465,1.138,0.31,1.38,2.42,2.2,0.45,0.08,0.97,2.0,2.88,False,False,True,True,True,True,False,1.163054347038269,0.9473770260810852,0.8405254483222961,0.8330575823783875,0.8974153995513916,0.968896508216858,0.942497491836548,116.289,110.544,98.496,100.372,137.75,136.836,107.159,126.205,137.378,132.911,-6.685,1.359,139.34,163.581,62.476,-159.111,inputs/aei_super_af2_bu2_model.pdb,inputs/super_af2_bu2.pdb,deacyl,inputs/super_af2_bu2_aei.csv,5,super_af2_bu2
3.12,2.671,2.83,2.981,2.811,2.365,2.734,110.192,82.775,103.464,137.95,-77.727,-63.828,-172.532,-167.455,0.259,1.487,0.133,1.342,0.496,0.93,0.58,0.73,0.43,0.08,0.86,1.46,2.17,True,True,True,True,False,True,True,0.8610642552375793,0.9685627222061156,0.5844828486442566,0.5806254148483276,0.855111300945282,0.9765516519546508,0.9442015290260316,106.006,112.0,104.208,98.309,141.971,134.732,107.06,121.609,116.011,117.429,53.713,45.511,107.269,114.533,-164.751,-145.205,inputs/aei_super_af2_bu2_model.pdb,inputs/super_af2_bu2.pdb,deacyl,inputs/super_af2_bu2_aei.csv,6,super_af2_bu2
3.049,2.643,2.813,3.028,2.795,2.544,2.462,113.117,80.165,104.639,137.573,-89.603,-63.828,-173.599,-171.828,0.321,1.481,0.279,1.594,1.221,0.78,0.69,0.91,0.51,0.08,0.87,1.18,2.03,True,True,True,True,False,True,True,1.1572341918945312,0.9421582818031312,0.8468757271766663,0.8413504362106323,0.837451159954071,0.9805861711502076,0.9484211206436156,133.683,112.829,93.891,97.041,160.827,137.144,120.681,124.458,137.989,132.791,67.22,27.312,103.81,119.483,-163.836,-139.933,inputs/aei_super_af2_bu2_model.pdb,inputs/super_af2_bu2.pdb,deacyl,inputs/super_af2_bu2_aei.csv,7,super_af2_bu2
3.127,2.652,2.83,2.997,2.772,2.352,2.769,109.575,82.312,104.001,134.991,-74.539,-63.828,-171.873,-161.6,0.229,1.481,0.43,1.337,0.43,0.95,0.69,0.92,0.46,0.08,0.98,1.53,2.33,True,True,True,True,False,False,True,1.0693014860153198,0.9601888656616212,0.6543481945991516,0.6477489471435547,0.860672116279602,0.975000023841858,0.9436712265014648,101.532,111.753,104.969,98.243,137.668,134.815,104.094,124.483,117.19,117.558,54.56,51.943,100.138,124.25,-160.902,-137.746,inputs/aei_super_af2_bu2_model.pdb,inputs/super_af2_bu2.pdb,deacyl,inputs/super_af2_bu2_aei.csv,8,super_af2_bu2
3.12,2.636,2.817,2.935,2.772,2.264,2.525,108.526,80.286,104.538,136.202,-80.469,-63.828,-173.913,-164.738,0.316,1.479,0.261,1.365,0.448,1.0,0.69,0.86,0.49,0.08,1.03,1.74,2.57,True,True,True,True,True,True,True,0.9771527647972108,0.9609086513519288,0.6219449639320374,0.6166837811470032,0.8785368204116821,0.9738274812698364,0.94442617893219,106.084,111.497,101.166,98.561,142.722,134.621,104.023,124.41,132.314,128.75,44.389,33.871,103.448,120.385,-162.788,-142.746,inputs/aei_super_af2_bu2_model.pdb,inputs/super_af2_bu2.pdb,deacyl,inputs/super_af2_bu2_aei.csv,9,super_af2_bu2
3.185,2.733,2.903,2.958,2.81,2.312,2.492,102.972,81.45,102.019,140.946,-85.476,-63.828,-175.988,-162.543,0.468,1.49,0.111,1.699,0.812,0.89,0.63,0.79,0.54,0.08,0.95,1.5,2.34,True,True,True,True,False,True,True,0.987798035144806,0.960767149925232,0.6412630677223206,0.6350888013839722,0.8837387561798096,0.974448263645172,0.9422223567962646,103.752,111.268,99.088,98.76,148.376,132.266,114.677,123.743,137.735,131.77,51.864,26.331,104.945,112.936,-162.436,-144.08,inputs/aei_super_af2_bu2_model.pdb,inputs/super_af2_bu2.pdb,deacyl,inputs/super_af2_bu2_aei.csv,10,super_af2_bu2
2.978,3.371,5.071,3.027,2.761,2.346,2.422,113.461,88.511,94.011,37.84,-85.626,-63.828,175.886,174.447,0.314,0.161,0.413,1.424,0.739,1.19,2.4,1.62,0.5,0.08,1.01,2.12,3.21,True,False,True,True,True,True,False,0.9318508505821228,0.9649403691291808,0.6819948554039001,0.6757984757423401,0.9030943512916564,0.9734826683998108,0.9431459307670592,112.263,111.331,94.703,98.033,149.018,135.646,111.304,123.072,145.081,130.985,29.955,13.641,74.959,124.562,11.522,-141.479,inputs/aei_super_af2_bu2_model.pdb,inputs/super_af2_bu2.pdb,deacyl,inputs/super_af2_bu2_aei.csv,11,super_af2_bu2
3.157,2.652,2.825,2.904,2.779,2.553,2.788,107.528,80.748,103.772,136.613,-75.587,-63.828,-173.92,-164.83,0.329,1.481,0.21,1.412,0.476,1.07,0.62,0.78,0.44,0.08,0.97,1.75,2.55,True,True,True,True,False,True,True,0.990638017654419,0.96048104763031,0.6489794254302979,0.6437821984291077,0.8642190098762512,0.975482702255249,0.94295471906662,103.981,111.226,103.274,99.781,141.408,132.632,107.746,123.237,117.537,118.453,58.435,48.39,107.746,113.814,-164.312,-148.044,inputs/aei_super_af2_bu2_model.pdb,inputs/super_af2_bu2.pdb,deacyl,inputs/super_af2_bu2_aei.csv,12,super_af2_bu2
3.062,2.635,2.815,3.063,2.791,2.294,2.56,111.115,78.823,104.545,137.132,-90.144,-63.828,-174.662,-169.102,0.348,1.476,0.267,1.482,0.869,0.77,0.7,0.93,0.47,0.08,0.82,1.3,2.27,True,True,True,True,False,True,True,1.072697401046753,0.9487924575805664,0.6789309978485107,0.6711840033531189,0.9174306988716124,0.9732758402824402,0.9352045059204102,111.7,112.513,99.815,97.252,152.915,136.707,123.393,122.947,131.557,127.786,59.619,34.456,102.841,122.538,-163.64,-141.8,inputs/aei_super_af2_bu2_model.pdb,inputs/super_af2_bu2.pdb,deacyl,inputs/super_af2_bu2_aei.csv,13,super_af2_bu2
3.09,2.663,2.859,2.966,2.789,2.368,2.761,110.863,83.834,103.874,137.134,-74.594,-63.828,-171.987,-165.153,0.216,1.479,0.267,1.309,0.397,0.88,0.67,0.88,0.45,0.08,0.94,1.42,2.15,True,True,True,True,True,True,True,1.0389732122421265,0.9611175656318665,0.6841700077056885,0.6799238324165344,0.8669730424880981,0.9770343899726868,0.9470193982124328,108.751,111.536,105.65,98.807,137.396,135.491,93.947,123.449,119.429,120.511,45.71,44.877,103.703,117.918,-163.461,-141.647,inputs/aei_super_af2_bu2_model.pdb,inputs/super_af2_bu2.pdb,deacyl,inputs/super_af2_bu2_aei.csv,14,super_af2_bu2
3.115,2.623,2.814,2.909,2.756,2.334,2.536,107.57,79.622,104.364,137.011,-79.988,-63.828,-173.394,-168.538,0.321,1.479,0.314,1.381,0.369,1.01,0.8,1.04,0.42,0.08,1.12,1.76,2.63,True,True,True,True,True,True,True,0.9916061758995056,0.9642881155014038,0.634350061416626,0.6280791759490967,0.856293797492981,0.9771379232406616,0.94487726688385,102.717,111.173,101.452,100.249,142.164,135.357,99.724,123.967,136.058,131.087,31.9,24.592,102.192,121.978,-162.812,-139.8,inputs/aei_super_af2_bu2_model.pdb,inputs/super_af2_bu2.pdb,deacyl,inputs/super_af2_bu2_aei.csv,15,super_af2_bu2
3.181,2.644,2.858,3.052,2.835,2.442,2.491,108.898,79.626,104.438,136.528,-82.348,-63.828,-173.535,-166.824,0.321,1.477,0.256,1.385,0.536,0.94,0.69,0.88,0.47,0.08,0.99,1.59,2.45,True,True,True,True,False,True,True,1.0125468969345093,0.959358811378479,0.6660380959510803,0.6573350429534912,0.8980161547660828,0.9726206660270692,0.940581202507019,109.49,112.63,96.007,98.044,144.739,135.337,108.321,124.824,136.774,130.349,51.375,36.667,104.5,116.646,-163.082,-142.277,inputs/aei_super_af2_bu2_model.pdb,inputs/super_af2_bu2.pdb,deacyl,inputs/super_af2_bu2_aei.csv,16,super_af2_bu2
3.067,2.632,2.81,2.951,2.775,2.423,2.864,110.964,84.192,104.454,136.108,-74.491,-63.828,-173.749,-167.073,0.184,1.481,0.31,1.256,0.459,1.03,0.61,0.78,0.43,0.08,0.87,1.54,2.36,True,True,True,True,False,False,True,0.9031549096107484,0.9660027027130128,0.5832528471946716,0.5805941820144653,0.8728876113891602,0.978551745414734,0.9447486996650696,108.442,112.039,105.205,96.735,134.578,135.298,96.104,124.312,109.165,111.236,53.93,55.909,103.955,121.371,-162.534,-142.254,inputs/aei_super_af2_bu2_model.pdb,inputs/super_af2_bu2.pdb,deacyl,inputs/super_af2_bu2_aei.csv,17,super_af2_bu2
3.193,2.787,2.911,2.906,2.752,2.388,2.537,108.896,83.12,104.343,138.014,-79.072,-63.828,-174.148,-164.882,0.354,1.483,0.161,1.364,0.397,1.12,0.67,0.87,0.45,0.08,1.1,1.86,2.79,True,True,True,True,True,True,True,1.067567229270935,0.957297146320343,0.6910239458084106,0.6817734837532043,0.8681855797767639,0.9756895899772644,0.94359028339386,104.93,110.683,100.176,100.33,140.705,133.166,100.123,123.484,136.252,130.121,33.254,25.006,102.422,116.412,-161.954,-142.997,inputs/aei_super_af2_bu2_model.pdb,inputs/super_af2_bu2.pdb,deacyl,inputs/super_af2_bu2_aei.csv,18,super_af2_bu2
3.11,2.626,2.833,2.978,2.786,2.225,2.589,105.731,80.735,104.155,137.064,-80.073,-63.828,-175.553,-166.896,0.312,1.479,0.245,1.484,0.558,0.95,0.7,0.89,0.47,0.08,0.95,1.54,2.37,True,True,True,True,False,True,True,1.0545547008514404,0.9554166197776794,0.7186704874038696,0.7134835124015808,0.8563066720962524,0.9767930507659912,0.9456589221954346,101.323,111.626,103.542,98.295,144.306,135.1,109.038,124.143,126.08,125.777,53.75,41.258,104.097,118.288,-163.025,-142.453,inputs/aei_super_af2_bu2_model.pdb,inputs/super_af2_bu2.pdb,deacyl,inputs/super_af2_bu2_aei.csv,19,super_af2_bu2
2.996,3.252,5.139,3.093,2.776,2.63,2.49,111.431,96.308,94.8,41.357,-88.055,-63.828,175.911,173.7,0.387,0.162,0.247,1.631,0.917,1.09,1.77,1.4,0.48,0.08,0.94,1.9,2.76,True,False,True,True,True,True,False,0.9093039631843568,0.966099500656128,0.6069372892379761,0.6013704538345337,0.8973773717880249,0.9716205596923828,0.9441792964935304,104.745,111.9,91.43,98.811,149.819,134.548,113.883,123.985,146.229,132.073,45.324,22.465,79.22,120.195,9.167,-148.346,inputs/aei_super_af2_bu2_model.pdb,inputs/super_af2_bu2.pdb,deacyl,inputs/super_af2_bu2_aei.csv,20,super_af2_bu2
3.121,2.636,2.824,2.946,2.828,2.389,2.749,108.405,82.203,102.759,138.01,-73.446,-63.828,-173.708,-166.48,0.276,1.493,0.274,1.328,0.403,0.93,0.65,0.84,0.45,0.08,0.9,1.5,2.25,True,True,True,True,True,True,True,0.8916217684745789,0.965420126914978,0.5882182717323303,0.5818443894386292,0.8618210554122925,0.9761033654212952,0.9448637962341307,104.964,111.815,106.161,99.609,138.253,134.199,100.156,123.019,117.631,119.963,49.534,45.833,104.89,117.337,-162.761,-141.548,inputs/aei_super_af2_bu2_model.pdb,inputs/super_af2_bu2.pdb,deacyl,inputs/super_af2_bu2_aei.csv,21,super_af2_bu2
2.969,2.73,2.805,2.84,2.728,2.286,2.481,117.821,94.428,102.343,138.702,-64.624,-63.828,-168.213,-165.093,0.202,1.489,0.259,1.293,0.585,1.02,0.91,1.13,0.42,0.08,1.25,1.55,2.3,True,True,True,True,True,True,True,0.931652009487152,0.9636499881744384,0.6514206528663635,0.6478270292282104,0.8668525218963623,0.9757584929466248,0.9482470154762268,121.645,112.77,106.517,96.971,132.392,139.553,86.56,125.718,116.279,129.264,-11.824,-8.418,102.162,117.149,-161.969,-141.644,inputs/aei_super_af2_bu2_model.pdb,inputs/super_af2_bu2.pdb,deacyl,inputs/super_af2_bu2_aei.csv,22,super_af2_bu2
3.049,2.634,2.832,2.946,2.774,2.521,2.911,111.776,83.095,104.636,136.844,-71.939,-63.828,-171.557,-168.832,0.23,1.482,0.215,1.289,0.434,0.84,0.67,0.84,0.47,0.08,0.92,1.35,2.05,True,True,True,True,False,False,True,1.1494131088256836,0.9527558088302612,0.7160675525665283,0.7074980139732361,0.8561179637908936,0.9751723408699036,0.9440596103668212,105.865,110.505,108.009,100.764,138.685,135.214,103.931,121.587,105.608,108.35,56.35,53.299,106.044,115.401,-165.545,-144.321,inputs/aei_super_af2_bu2_model.pdb,inputs/super_af2_bu2.pdb,deacyl,inputs/super_af2_bu2_aei.csv,23,super_af2_bu2
3.04,2.613,2.835,2.894,2.746,2.419,2.766,115.013,82.489,105.759,135.116,-76.839,-63.828,-170.851,-168.067,0.212,1.474,0.386,1.234,0.363,1.01,0.78,1.07,0.44,0.08,1.05,1.62,2.43,True,True,True,True,True,True,True,0.9945135712623596,0.9603742957115172,0.6533148884773254,0.6440832018852234,0.8613714575767517,0.9749309420585632,0.942180037498474,109.163,111.556,105.083,98.973,141.101,138.19,99.18,121.968,118.985,120.158,42.854,40.532,100.854,123.424,-165.192,-141.261,inputs/aei_super_af2_bu2_model.pdb,inputs/super_af2_bu2.pdb,deacyl,inputs/super_af2_bu2_aei.csv,24,super_af2_bu2
3.016,2.664,2.833,2.88,2.733,1.801,2.543,110.275,87.863,102.727,138.973,-72.89,-63.828,-174.378,-162.956,0.223,1.476,0.326,1.428,0.88,1.1,0.89,1.13,0.42,0.08,1.18,1.78,2.74,True,True,True,True,False,True,True,0.9868972301483154,0.9595603346824646,0.6424682140350342,0.6393738389015198,0.8565800786018372,0.977310299873352,0.9470801949501038,112.015,111.975,111.274,97.231,145.76,134.475,98.745,124.547,128.338,132.551,39.933,24.235,99.64,124.604,-161.589,-140.071,inputs/aei_super_af2_bu2_model.pdb,inputs/super_af2_bu2.pdb,deacyl,inputs/super_af2_bu2_aei.csv,25,super_af2_bu2
3.0,2.675,2.78,2.838,2.788,1.968,2.568,114.282,89.06,102.437,138.288,-65.418,-63.828,-171.965,-164.912,0.148,1.492,0.217,1.217,0.667,1.14,0.77,0.99,0.42,0.08,1.22,1.66,2.49,True,True,True,True,False,True,True,1.0733541250228882,0.9573237895965576,0.7186740636825562,0.7128049731254578,0.8577364087104797,0.9737929701805116,0.946471869945526,122.528,111.935,110.611,98.1,140.508,135.027,93.476,124.903,126.919,132.159,19.087,12.195,104.941,115.883,-162.846,-143.579,inputs/aei_super_af2_bu2_model.pdb,inputs/super_af2_bu2.pdb,deacyl,inputs/super_af2_bu2_aei.csv,26,super_af2_bu2
3.109,2.657,2.766,2.856,2.741,2.167,2.597,109.472,82.883,103.227,135.816,-73.72,-63.828,-171.173,-162.145,0.227,1.488,0.23,1.332,0.489,1.08,0.68,0.86,0.43,0.08,1.05,1.81,2.7,True,True,True,True,True,True,True,1.050250768661499,0.9566013216972352,0.7253767848014832,0.7176144123077393,0.8640626072883606,0.9741033911705016,0.9433384537696838,108.851,111.732,106.434,98.854,141.765,135.486,96.15,123.767,128.072,129.27,39.731,32.73,105.822,118.632,-163.168,-143.689,inputs/aei_super_af2_bu2_model.pdb,inputs/super_af2_bu2.pdb,deacyl,inputs/super_af2_bu2_aei.csv,27,super_af2_bu2
3.149,2.699,2.807,3.059,2.805,2.582,2.867,112.453,84.542,104.083,135.145,-77.289,-63.828,-171.005,-162.979,0.165,1.481,0.189,1.277,0.32,0.86,0.59,0.72,0.42,0.08,0.91,1.37,2.13,True,True,True,True,False,False,True,1.0129632949829102,0.9583842754364014,0.6710554957389832,0.6641066670417786,0.8539350032806396,0.9791378378868104,0.944710373878479,110.798,113.483,99.451,96.066,140.24,138.481,100.085,122.958,113.567,111.38,56.487,54.155,107.072,115.953,-163.953,-146.514,inputs/aei_super_af2_bu2_model.pdb,inputs/super_af2_bu2.pdb,deacyl,inputs/super_af2_bu2_aei.csv,28,super_af2_bu2
3.041,2.64,2.816,2.899,2.82,2.624,2.643,112.555,82.62,104.512,137.62,-79.973,-63.828,-174.336,-171.605,0.246,1.482,0.123,1.402,0.883,0.81,0.73,0.97,0.53,0.08,0.9,1.25,2.07,True,True,True,True,False,True,True,1.2864786386489868,0.9334670305252076,0.9222624897956848,0.9094525575637816,0.8625669479370117,0.9794481992721558,0.9473101496696472,134.971,111.945,98.857,97.718,153.32,135.472,105.292,123.511,117.44,121.452,69.013,47.294,107.891,117.423,-167.002,-146.352,inputs/aei_super_af2_bu2_model.pdb,inputs/super_af2_bu2.pdb,deacyl,inputs/super_af2_bu2_aei.csv,29,super_af2_bu2
3.232,2.639,2.822,3.047,2.8,2.682,2.451,103.503,74.173,102.903,137.793,-93.483,-63.828,-174.072,-164.008,0.544,1.485,0.193,2.083,1.631,0.75,0.62,0.8,0.51,0.08,0.81,0.99,1.65,True,True,True,True,False,True,True,1.1761510372161863,0.9431494474411012,0.858321487903595,0.8489189743995667,0.8234021067619324,0.9786206483840942,0.9512858390808104,125.922,111.635,91.559,99.566,162.491,131.303,133.277,124.843,150.338,133.527,63.597,8.131,107.115,115.163,-162.823,-144.029,inputs/aei_super_af2_bu2_model.pdb,inputs/super_af2_bu2.pdb,deacyl,inputs/super_af2_bu2_aei.csv,30,super_af2_bu2
3.086,2.753,2.81,2.813,2.767,2.276,2.683,111.961,88.972,101.751,139.603,-71.317,-63.828,-171.345,-162.364,0.154,1.492,0.143,1.281,0.459,1.06,0.69,0.84,0.43,0.08,1.11,1.65,2.48,True,True,True,True,True,True,True,0.9375720024108888,0.964613676071167,0.6296765804290771,0.6258281469345093,0.8647675514221191,0.9755170941352844,0.945955216884613,112.772,111.96,106.86,98.494,140.795,136.439,92.215,124.437,126.653,129.75,31.191,26.368,104.984,115.392,-161.773,-143.852,inputs/aei_super_af2_bu2_model.pdb,inputs/super_af2_bu2.pdb,deacyl,inputs/super_af2_bu2_aei.csv,31,super_af2_bu2
3.096,2.648,2.81,2.961,2.802,2.419,2.866,112.273,82.652,103.166,135.523,-74.289,-63.828,-170.839,-162.897,0.208,1.491,0.231,1.317,0.473,0.95,0.6,0.75,0.44,0.08,0.88,1.42,2.16,True,True,True,True,False,False,True,0.9639005661010742,0.9624186158180236,0.6090660691261292,0.6040790677070618,0.8502190113067627,0.9793103337287904,0.9466214179992676,106.354,112.195,105.82,97.331,137.117,134.475,98.563,123.005,110.737,113.771,51.912,50.206,108.321,112.63,-163.44,-145.373,inputs/aei_super_af2_bu2_model.pdb,inputs/super_af2_bu2.pdb,deacyl,inputs/super_af2_bu2_aei.csv,32,super_af2_bu2
2.972,2.627,2.856,2.965,2.771,2.464,2.885,112.547,86.283,101.994,137.906,-72.776,-63.828,-171.732,-160.668,0.175,1.484,0.403,1.265,0.454,0.94,0.72,0.97,0.44,0.08,0.93,1.45,2.17,True,True,True,True,True,True,True,1.0283052921295166,0.9591607451438904,0.7014657855033875,0.6949024200439453,0.8368856906890869,0.979034423828125,0.9489940404891968,108.429,111.335,105.575,97.514,134.761,136.344,91.404,122.783,110.868,112.499,44.883,48.343,101.05,121.139,-160.591,-139.739,inputs/aei_super_af2_bu2_model.pdb,inputs/super_af2_bu2.pdb,deacyl,inputs/super_af2_bu2_aei.csv,33,super_af2_bu2
2.989,2.634,2.767,2.905,2.727,2.259,2.665,113.035,82.667,102.996,136.0,-77.577,-63.828,-171.284,-162.597,0.234,1.484,0.263,1.284,0.46,0.88,0.66,0.85,0.44,0.08,0.98,1.48,2.31,True,True,True,True,True,True,True,0.9626210331916808,0.9644876718521118,0.5976905822753906,0.5911872982978821,0.8519065976142883,0.9784137606620787,0.9473342299461364,114.805,111.804,104.093,97.423,141.355,135.757,96.488,121.643,120.665,121.428,47.707,41.923,105.975,118.68,-163.595,-144.737,inputs/aei_super_af2_bu2_model.pdb,inputs/super_af2_bu2.pdb,deacyl,inputs/super_af2_bu2_aei.csv,34,super_af2_bu2
3.065,2.724,2.9,2.939,2.755,2.232,2.603,111.426,85.172,103.244,139.177,-78.831,-63.828,-174.226,-166.927,0.256,1.485,0.243,1.33,0.62,0.94,0.72,0.94,0.51,0.08,0.93,1.5,2.31,True,True,True,True,False,True,True,1.0730113983154297,0.9583987593650818,0.6650491952896118,0.6586801409721375,0.8781136274337769,0.9752758145332336,0.9434157609939576,111.233,112.108,104.12,98.337,145.67,135.025,112.551,123.999,124.731,125.249,58.803,44.376,102.243,116.235,-161.611,-139.576,inputs/aei_super_af2_bu2_model.pdb,inputs/super_af2_bu2.pdb,deacyl,inputs/super_af2_bu2_aei.csv,35,super_af2_bu2
3.108,3.363,5.023,2.951,2.753,2.413,2.633,109.899,89.169,93.811,40.582,-79.754,-63.828,174.994,169.443,0.242,0.175,0.409,1.375,0.342,1.14,1.2,1.39,0.43,0.08,1.11,1.89,2.86,True,False,True,True,False,False,False,0.9332985877990724,0.964298129081726,0.6111440658569336,0.6071360111236572,0.8938618302345276,0.9728275537490844,0.9424855709075928,100.831,112.844,99.547,97.117,140.102,135.006,105.006,123.798,124.477,122.236,57.344,50.744,74.926,125.137,12.654,-142.398,inputs/aei_super_af2_bu2_model.pdb,inputs/super_af2_bu2.pdb,deacyl,inputs/super_af2_bu2_aei.csv,36,super_af2_bu2
3.058,2.6,2.779,3.051,2.808,2.231,2.46,106.084,74.65,104.336,137.756,-94.127,-63.828,-176.742,-170.445,0.475,1.486,0.22,1.905,1.293,0.69,0.68,0.9,0.48,0.08,0.86,0.86,1.58,True,True,True,True,False,True,True,1.1909682750701904,0.9398075342178344,0.8603790998458862,0.8513429164886475,0.807313084602356,0.9804482460021972,0.9490464925765992,113.19,111.971,98.724,98.522,159.952,134.606,132.566,124.961,149.885,133.109,49.827,5.355,106.718,118.224,-164.244,-143.448,inputs/aei_super_af2_bu2_model.pdb,inputs/super_af2_bu2.pdb,deacyl,inputs/super_af2_bu2_aei.csv,37,super_af2_bu2
3.084,2.705,2.872,2.982,2.807,2.402,2.677,110.916,82.111,102.2,138.358,-80.552,-63.828,-172.514,-163.324,0.308,1.495,0.164,1.39,0.543,0.84,0.63,0.78,0.46,0.08,0.93,1.36,2.28,True,True,True,True,False,True,True,0.9556856155395508,0.9606478214263916,0.6222835779190063,0.6187966465950012,0.8805160522460938,0.977999985218048,0.9441867470741272,114.762,111.865,102.11,98.841,144.623,134.794,102.784,123.161,125.328,123.934,52.683,39.893,106.057,113.97,-163.446,-145.081,inputs/aei_super_af2_bu2_model.pdb,inputs/super_af2_bu2.pdb,deacyl,inputs/super_af2_bu2_aei.csv,38,super_af2_bu2
3.151,2.692,2.842,2.965,2.787,2.404,2.688,107.182,82.111,103.189,138.071,-80.881,-63.828,-173.831,-167.569,0.296,1.493,0.212,1.424,0.566,0.93,0.67,0.84,0.46,0.08,0.85,1.52,2.34,True,True,True,True,False,True,True,1.0416622161865234,0.9616639018058776,0.6445653438568115,0.6371131539344788,0.8809274435043335,0.9741723537445068,0.9424177408218384,106.39,112.446,101.463,97.831,144.839,134.605,109.498,121.755,120.903,120.473,55.149,42.3,104.818,116.884,-164.047,-141.427,inputs/aei_super_af2_bu2_model.pdb,inputs/super_af2_bu2.pdb,deacyl,inputs/super_af2_bu2_aei.csv,39,super_af2_bu2
3.025,2.653,2.838,2.917,2.753,2.411,2.715,112.353,85.727,103.861,137.438,-75.859,-63.828,-172.848,-170.416,0.161,1.487,0.168,1.289,0.306,0.76,0.66,0.85,0.46,0.08,0.9,1.25,2.03,True,True,True,True,True,True,True,1.0673680305480957,0.9592413902282716,0.6893563866615295,0.6806835532188416,0.8705704808235168,0.9755516052246094,0.942264437675476,116.117,112.608,102.236,97.267,139.818,138.199,88.724,123.9,124.394,123.991,41.336,40.627,107.291,113.402,-166.151,-144.863,inputs/aei_super_af2_bu2_model.pdb,inputs/super_af2_bu2.pdb,deacyl,inputs/super_af2_bu2_aei.csv,40,super_af2_bu2
3.101,2.695,2.905,3.076,2.856,2.665,2.8,109.402,87.221,102.246,140.706,-76.211,-63.828,-174.034,-165.858,0.202,1.49,0.186,1.305,0.251,0.86,0.61,0.79,0.46,0.08,0.85,1.46,2.25,True,True,True,True,False,True,True,0.975452482700348,0.9633517265319824,0.6326397061347961,0.62946617603302,0.8514382243156433,0.9785861372947692,0.9465546607971193,108.531,112.822,97.058,96.659,137.938,135.601,95.156,122.834,119.44,115.976,52.178,49.063,105.595,112.796,-162.476,-144.943,inputs/aei_super_af2_bu2_model.pdb,inputs/super_af2_bu2.pdb,deacyl,inputs/super_af2_bu2_aei.csv,41,super_af2_bu2
3.048,2.705,2.879,2.992,2.778,2.497,2.887,110.404,84.844,103.171,137.643,-71.808,-63.828,-173.114,-164.767,0.243,1.488,0.158,1.299,0.392,0.84,0.56,0.7,0.36,0.08,0.87,1.31,1.91,True,True,True,True,True,True,True,1.0498883724212646,0.9593234658241272,0.659440815448761,0.6528396606445312,0.8490932583808899,0.9774482250213624,0.9463191032409668,106.092,110.639,106.262,99.92,136.02,134.378,96.384,121.529,110.811,111.42,48.629,47.917,108.541,108.58,-162.189,-144.885,inputs/aei_super_af2_bu2_model.pdb,inputs/super_af2_bu2.pdb,deacyl,inputs/super_af2_bu2_aei.csv,42,super_af2_bu2
2.97,2.637,2.87,2.916,2.775,2.52,2.863,112.929,87.231,103.237,139.381,-71.493,-63.828,-173.754,-166.971,0.166,1.479,0.274,1.315,0.402,0.82,0.71,0.91,0.46,0.08,0.96,1.34,2.04,True,True,True,True,True,True,True,1.0043401718139648,0.9627685546875,0.6350379586219788,0.6282494068145752,0.8564313054084778,0.978551745414734,0.946478545665741,107.524,111.454,105.827,98.763,133.555,136.372,87.073,122.712,111.582,113.435,44.596,49.028,102.899,118.408,-161.89,-144.323,inputs/aei_super_af2_bu2_model.pdb,inputs/super_af2_bu2.pdb,deacyl,inputs/super_af2_bu2_aei.csv,43,super_af2_bu2
3.054,2.708,2.838,2.973,2.78,2.314,2.67,110.991,84.179,102.672,138.026,-77.227,-63.828,-172.512,-163.343,0.264,1.494,0.23,1.362,0.539,0.94,0.71,0.9,0.45,0.08,0.91,1.57,2.35,True,True,True,True,False,True,True,0.9238693714141846,0.9635308980941772,0.6062290668487549,0.6022533178329468,0.8758270740509033,0.976655125617981,0.9452534317970276,104.726,110.575,104.343,98.895,144.149,135.544,111.059,124.119,120.122,121.037,58.396,47.598,103.248,118.44,-162.917,-142.068,inputs/aei_super_af2_bu2_model.pdb,inputs/super_af2_bu2.pdb,deacyl,inputs/super_af2_bu2_aei.csv,44,super_af2_bu2
3.098,2.704,2.808,2.876,2.755,2.357,2.639,109.835,83.522,103.166,138.122,-76.67,-63.828,-173.427,-164.374,0.292,1.486,0.145,1.362,0.45,1.03,0.65,0.84,0.42,0.08,1.08,1.79,2.66,True,True,True,True,True,True,True,1.0170402526855469,0.9603644609451294,0.6714845895767212,0.6671050786972046,0.8804642558097839,0.9752069115638732,0.9420286417007446,106.066,110.804,103.069,99.493,142.286,134.049,102.484,123.854,129.264,127.527,43.184,33.125,105.826,116.661,-162.976,-146.893,inputs/aei_super_af2_bu2_model.pdb,inputs/super_af2_bu2.pdb,deacyl,inputs/super_af2_bu2_aei.csv,45,super_af2_bu2
3.193,2.655,2.788,3.023,2.81,2.377,2.749,107.503,78.535,104.144,134.264,-74.417,-63.828,-172.721,-162.931,0.346,1.48,0.317,1.382,0.427,0.97,0.61,0.77,0.44,0.08,0.9,1.53,2.31,True,True,True,True,False,True,True,0.9431179761886596,0.9649509787559508,0.6088078022003174,0.604282796382904,0.8505125045776367,0.9768620133399964,0.9451742172241212,106.713,110.636,106.074,100.719,138.012,132.948,97.114,122.756,119.068,118.946,51.623,46.278,104.526,119.393,-163.645,-143.354,inputs/aei_super_af2_bu2_model.pdb,inputs/super_af2_bu2.pdb,deacyl,inputs/super_af2_bu2_aei.csv,46,super_af2_bu2
3.142,2.672,2.846,2.978,2.779,2.45,2.675,109.339,81.156,104.244,137.12,-79.584,-63.828,-173.704,-166.392,0.331,1.479,0.274,1.37,0.521,1.04,0.74,0.98,0.44,0.08,0.95,1.71,2.51,True,True,True,True,False,True,True,1.0283164978027344,0.95692777633667,0.6877449154853821,0.6780735850334167,0.8742689490318298,0.9762067794799804,0.9439142942428588,105.753,111.345,100.67,98.656,142.226,132.695,110.522,122.862,123.786,121.296,54.88,42.714,102.51,120.013,-163.715,-140.634,inputs/aei_super_af2_bu2_model.pdb,inputs/super_af2_bu2.pdb,deacyl,inputs/super_af2_bu2_aei.csv,47,super_af2_bu2
2.999,2.701,2.825,3.054,2.799,2.633,2.406,110.508,78.831,101.251,140.835,-96.249,-63.828,-174.852,-164.942,0.451,1.503,0.211,1.939,1.385,0.67,0.64,0.81,0.48,0.08,0.84,0.96,1.81,True,True,True,True,False,True,True,1.202026128768921,0.9407026767730712,0.884783923625946,0.877650797367096,0.8497312068939209,0.9785171747207642,0.9458903074264526,124.275,112.698,89.989,97.559,160.534,134.617,128.323,124.991,149.216,134.489,59.07,12.412,105.685,116.589,-162.231,-144.899,inputs/aei_super_af2_bu2_model.pdb,inputs/super_af2_bu2.pdb,deacyl,inputs/super_af2_bu2_aei.csv,48,super_af2_bu2
2.981,2.693,2.829,2.841,2.723,2.105,2.575,113.592,91.063,102.624,139.375,-70.666,-63.828,-171.334,-165.675,0.146,1.479,0.287,1.272,0.536,1.06,0.97,1.16,0.43,0.08,1.24,1.76,2.63,True,True,True,True,True,True,True,0.896542489528656,0.9645904898643494,0.6252219676971436,0.620739758014679,0.8577878475189209,0.9774826765060424,0.9464924335479736,113.571,112.215,107.612,96.836,137.877,137.86,84.958,125.271,125.889,132.101,4.851,6.478,100.719,120.567,-162.929,-141.456,inputs/aei_super_af2_bu2_model.pdb,inputs/super_af2_bu2.pdb,deacyl,inputs/super_af2_bu2_aei.csv,49,super_af2_bu2
