serhis_hbdist,hislg_hbdist_toreflig,hisacid_hbdist,oxh1_hbdist_toreflig,oxh2_hbdist_toreflig,serhis_angleA,serhis_angleB,hislg_angleB_toreflig,hislg_angleA_toreflig,ser_chi,ser_chi_ref,serhis_dihedralB,hislg_dihedralA_toreflig,ser_sc_rmsd_toref,his_sc_rmsd_toref,acid_sc_rmsd_toref,serOG_unc,hisNE2_unc,hisND1_unc,acidOXY_unc,oxh1DON_unc,oxh2DON_unc,is_hbond_ser-his,is_hbond_his-lgref,is_hbond_oxh1-oxref,is_hbond_oxh2-oxref,is_hbond_his-asp,fape,lddt,rmsd,kabsch,prmsd,plddt,plddt_pde,oxh1_angleA_toreflig,oxh1_angleB_toreflig,oxh1_dihedralB_toreflig,oxh2_angleA_toreflig,oxh2_angleB_toreflig,oxh2_dihedralB_toreflig,hisacid_angleA,hisacid_angleB,hisacid_dihedralA,hisacid_dihedralB,pdb,ref,step,csv,i,label
3.184,2.59,2.873,2.815,2.41,109.119,81.509,104.57,135.575,-69.806,-63.828,-172.038,-162.946,0.262,1.469,0.343,0.96,0.68,0.88,0.39,0.08,1.01,True,True,True,True,True,0.8756049275398254,0.9794342517852784,0.4526709020137787,0.4422222971916199,0.8151745200157166,0.980573832988739,0.9537366032600404,110.86,100.273,132.951,125.005,135.269,14.377,101.858,121.7,-164.665,-143.731,inputs/apo_super_af2_bu2_model.pdb,inputs/super_af2_bu2.pdb,free,inputs/super_af2_bu2_apo.csv,0,super_af2_mu2
3.041,2.626,2.773,2.762,2.419,110.078,84.069,101.325,136.888,-67.891,-63.828,-169.633,-158.9,0.188,1.502,0.274,0.9,0.58,0.69,0.42,0.08,1.03,True,True,True,True,True,0.9992157816886902,0.97237366437912,0.5631285905838013,0.5518016815185547,0.802965521812439,0.9837390780448914,0.954758644104004,110.751,100.179,133.737,125.048,135.912,13.655,107.167,115.473,-162.094,-144.529,inputs/apo_super_af2_bu2_model.pdb,inputs/super_af2_bu2.pdb,free,inputs/super_af2_bu2_apo.csv,1,super_af2_mu2
3.143,2.68,2.904,2.755,2.404,110.926,88.125,104.032,136.527,-68.37,-63.828,-170.139,-163.35,0.091,1.474,0.263,0.92,0.67,0.85,0.4,0.08,0.99,True,True,True,True,True,0.79329913854599,0.9816325902938844,0.4239784777164459,0.4187894463539123,0.8018311262130737,0.981095552444458,0.9549744725227356,112.053,97.558,136.522,125.686,137.05,21.694,102.837,119.176,-163.935,-142.83,inputs/apo_super_af2_bu2_model.pdb,inputs/super_af2_bu2.pdb,free,inputs/super_af2_bu2_apo.csv,2,super_af2_mu2
3.063,2.619,2.864,2.778,2.469,112.049,87.645,104.008,137.919,-68.605,-63.828,-170.092,-167.552,0.12,1.478,0.171,0.84,0.61,0.74,0.42,0.08,0.98,True,True,True,True,True,0.9305634498596193,0.9749278426170348,0.5083508491516113,0.5053738355636597,0.8122285008430481,0.9832173585891724,0.9536876678466796,111.557,98.97,138.258,125.878,136.39,18.828,106.501,114.542,-164.412,-144.027,inputs/apo_super_af2_bu2_model.pdb,inputs/super_af2_bu2.pdb,free,inputs/super_af2_bu2_apo.csv,3,super_af2_mu2
3.122,2.687,2.834,2.792,2.385,115.354,87.02,103.633,135.775,-68.277,-63.828,-167.481,-162.052,0.129,1.481,0.198,0.83,0.59,0.71,0.43,0.08,0.99,True,True,True,True,True,0.9133773446083068,0.9727201461791992,0.4980636835098266,0.4937730133533478,0.8183039426803589,0.9826956391334534,0.9530566930770874,111.101,99.186,138.064,126.114,136.633,25.965,109.647,111.98,-164.675,-150.509,inputs/apo_super_af2_bu2_model.pdb,inputs/super_af2_bu2.pdb,free,inputs/super_af2_bu2_apo.csv,4,super_af2_mu2
3.177,2.626,2.815,2.797,2.412,110.277,81.958,103.964,134.006,-69.8,-63.828,-170.437,-162.281,0.182,1.486,0.256,0.88,0.59,0.72,0.43,0.08,0.99,True,True,True,True,True,0.8312103152275085,0.9778544306755066,0.4713570773601532,0.4630953073501587,0.806158185005188,0.981999933719635,0.9555661678314208,111.676,99.174,135.068,126.998,138.779,20.123,107.758,114.605,-162.999,-144.903,inputs/apo_super_af2_bu2_model.pdb,inputs/super_af2_bu2.pdb,free,inputs/super_af2_bu2_apo.csv,5,super_af2_mu2
3.134,2.613,2.851,2.804,2.402,110.102,87.826,104.493,137.559,-68.869,-63.828,-172.877,-167.939,0.076,1.47,0.194,0.93,0.66,0.8,0.42,0.08,1.0,True,True,True,True,True,0.9580299258232116,0.9686327576637268,0.5740360021591187,0.5671691298484802,0.8225240111351013,0.982069492340088,0.9526588320732116,112.593,96.67,136.188,127.315,138.794,19.258,105.529,118.756,-164.301,-146.553,inputs/apo_super_af2_bu2_model.pdb,inputs/super_af2_bu2.pdb,free,inputs/super_af2_bu2_apo.csv,6,super_af2_mu2
3.109,2.623,2.833,2.801,2.53,109.29,86.24,103.243,138.484,-68.716,-63.828,-172.644,-164.149,0.169,1.48,0.248,0.96,0.54,0.64,0.41,0.08,1.13,True,True,True,True,True,0.9939682483673096,0.972393274307251,0.5066714882850647,0.5022569894790649,0.8238714933395386,0.9792174100875854,0.9539090991020204,111.513,98.89,134.715,125.66,130.956,45.493,110.706,111.699,-164.355,-150.884,inputs/apo_super_af2_bu2_model.pdb,inputs/super_af2_bu2.pdb,free,inputs/super_af2_bu2_apo.csv,7,super_af2_mu2
3.117,2.634,2.864,2.78,2.393,109.309,86.652,103.695,137.471,-68.674,-63.828,-171.409,-165.16,0.128,1.477,0.258,0.9,0.65,0.82,0.42,0.08,0.97,True,True,True,True,True,0.8624730110168457,0.97732812166214,0.4676299095153808,0.459808200597763,0.8035492897033691,0.9817217588424684,0.9550867080688475,111.679,98.349,136.018,124.861,134.87,30.012,103.459,120.232,-164.153,-142.489,inputs/apo_super_af2_bu2_model.pdb,inputs/super_af2_bu2.pdb,free,inputs/super_af2_bu2_apo.csv,8,super_af2_mu2
3.082,2.627,2.835,2.743,2.423,108.13,86.889,103.928,137.327,-68.408,-63.828,-173.368,-165.806,0.134,1.477,0.287,0.97,0.66,0.81,0.43,0.08,1.02,True,True,True,True,True,0.9223787784576416,0.97429758310318,0.5144362449645996,0.5077702403068542,0.8049010038375854,0.9809913635253906,0.9547237157821656,111.626,98.359,135.593,126.698,137.373,12.946,103.988,118.446,-162.538,-143.113,inputs/apo_super_af2_bu2_model.pdb,inputs/super_af2_bu2.pdb,free,inputs/super_af2_bu2_apo.csv,9,super_af2_mu2
3.075,2.614,2.794,2.766,2.389,110.883,87.662,102.988,136.724,-67.763,-63.828,-169.757,-163.236,0.07,1.482,0.203,0.84,0.61,0.74,0.44,0.08,0.99,True,True,True,True,True,0.7993409633636475,0.9802156090736388,0.4187715649604797,0.4161915183067322,0.8145501613616943,0.9806783199310304,0.9543901681900024,112.025,97.244,137.228,125.919,136.891,23.256,107.878,115.61,-163.304,-146.411,inputs/apo_super_af2_bu2_model.pdb,inputs/super_af2_bu2.pdb,free,inputs/super_af2_bu2_apo.csv,10,super_af2_mu2
3.054,2.663,2.852,2.779,2.402,111.98,88.552,102.401,137.894,-68.403,-63.828,-169.177,-162.319,0.092,1.486,0.189,0.87,0.59,0.71,0.45,0.08,0.97,True,True,True,True,True,0.8067372441291809,0.9803443551063538,0.4348918199539184,0.4291915595531463,0.8005448579788208,0.9831130504608154,0.9538668990135192,111.375,98.074,137.452,125.676,136.309,26.282,106.88,113.485,-163.013,-145.776,inputs/apo_super_af2_bu2_model.pdb,inputs/super_af2_bu2.pdb,free,inputs/super_af2_bu2_apo.csv,11,super_af2_mu2
3.143,2.63,2.823,2.771,2.359,112.771,85.532,104.262,134.402,-68.49,-63.828,-169.075,-162.552,0.078,1.478,0.203,0.9,0.58,0.69,0.41,0.08,0.96,True,True,True,True,True,0.7856881022453308,0.9811881184577942,0.4226334989070892,0.415463775396347,0.8141092658042908,0.9820348024368286,0.9541630744934082,112.042,97.808,136.9,127.338,139.188,13.415,109.059,113.936,-165.445,-148.847,inputs/apo_super_af2_bu2_model.pdb,inputs/super_af2_bu2.pdb,free,inputs/super_af2_bu2_apo.csv,12,super_af2_mu2
3.097,2.642,2.827,2.741,2.443,111.29,84.841,105.131,134.424,-68.499,-63.828,-170.325,-164.958,0.154,1.472,0.27,0.88,0.63,0.78,0.41,0.08,0.99,True,True,True,True,True,0.8728355765342712,0.9759714007377625,0.4744331538677215,0.4678219258785248,0.8155315518379211,0.9802956581115724,0.9533112049102784,110.297,99.198,135.837,125.003,134.404,24.825,104.203,123.104,-164.326,-141.991,inputs/apo_super_af2_bu2_model.pdb,inputs/super_af2_bu2.pdb,free,inputs/super_af2_bu2_apo.csv,13,super_af2_mu2
3.053,2.639,2.812,2.731,2.442,111.518,86.622,104.758,135.561,-68.087,-63.828,-170.16,-166.187,0.133,1.476,0.232,0.84,0.58,0.69,0.42,0.08,0.98,True,True,True,True,True,1.023005723953247,0.9697185158729552,0.5823961496353149,0.5757138729095459,0.8388592600822449,0.9779651761054992,0.9520130753517152,110.555,98.796,136.603,125.522,135.039,27.384,108.342,113.599,-164.864,-147.347,inputs/apo_super_af2_bu2_model.pdb,inputs/super_af2_bu2.pdb,free,inputs/super_af2_bu2_apo.csv,14,super_af2_mu2
3.089,2.661,2.843,2.793,2.403,109.717,87.279,102.814,137.853,-68.84,-63.828,-170.2,-164.105,0.123,1.486,0.176,0.87,0.6,0.73,0.41,0.08,1.01,True,True,True,True,True,0.8620391488075256,0.9783939719200134,0.5290343761444092,0.5205701589584351,0.7987101674079895,0.9815825819969176,0.9555130004882812,111.031,98.066,135.565,126.271,136.257,9.019,106.61,114.584,-164.573,-145.723,inputs/apo_super_af2_bu2_model.pdb,inputs/super_af2_bu2.pdb,free,inputs/super_af2_bu2_apo.csv,15,super_af2_mu2
3.148,2.657,2.892,2.734,2.42,111.795,88.965,105.048,134.572,-68.924,-63.828,-169.044,-163.214,0.131,1.466,0.278,0.83,0.69,0.87,0.4,0.08,0.94,True,True,True,True,True,0.9093007445335388,0.9753350019454956,0.5031988620758057,0.4968286156654358,0.809975266456604,0.9802609086036682,0.955540418624878,112.58,96.072,139.577,125.781,137.002,19.844,103.508,119.401,-164.445,-143.783,inputs/apo_super_af2_bu2_model.pdb,inputs/super_af2_bu2.pdb,free,inputs/super_af2_bu2_apo.csv,16,super_af2_mu2
3.176,2.625,2.843,2.799,2.395,109.843,82.488,105.482,134.905,-69.407,-63.828,-170.887,-165.386,0.207,1.473,0.223,0.9,0.62,0.79,0.4,0.08,0.96,True,True,True,True,True,0.8597239255905151,0.976782500743866,0.4793810546398163,0.471269816160202,0.808781087398529,0.9818260669708252,0.9534155130386353,110.486,100.244,134.444,125.911,136.378,24.004,105.256,118.084,-165.224,-143.649,inputs/apo_super_af2_bu2_model.pdb,inputs/super_af2_bu2.pdb,free,inputs/super_af2_bu2_apo.csv,17,super_af2_mu2
3.091,2.666,2.81,2.819,2.352,109.941,86.288,101.529,138.932,-68.928,-63.828,-171.579,-162.01,0.174,1.496,0.14,0.87,0.56,0.67,0.45,0.08,0.98,True,True,True,True,True,0.9494959115982056,0.9731454253196716,0.5498487949371338,0.5373130440711975,0.8107476234436035,0.9806087017059326,0.9552018642425536,111.362,98.886,134.116,127.487,138.266,5.525,108.847,112.919,-161.662,-146.815,inputs/apo_super_af2_bu2_model.pdb,inputs/super_af2_bu2.pdb,free,inputs/super_af2_bu2_apo.csv,18,super_af2_mu2
3.16,2.716,2.868,2.74,2.427,109.928,85.395,102.725,135.693,-69.531,-63.828,-170.696,-159.501,0.18,1.491,0.197,0.96,0.63,0.79,0.42,0.08,0.99,True,True,True,True,True,0.9621652364730836,0.9735079407691956,0.5949674844741821,0.5837348103523254,0.8243608474731445,0.9798782467842102,0.9532936811447144,112.002,98.816,134.467,126.56,136.847,29.914,106.422,113.285,-161.551,-146.113,inputs/apo_super_af2_bu2_model.pdb,inputs/super_af2_bu2.pdb,free,inputs/super_af2_bu2_apo.csv,19,super_af2_mu2
3.074,2.64,2.825,2.832,2.338,109.852,87.604,102.994,137.966,-68.626,-63.828,-170.273,-164.86,0.103,1.482,0.269,0.81,0.64,0.79,0.41,0.08,1.04,True,True,True,True,True,0.8767602443695068,0.9795277714729308,0.4642190933227539,0.4579146206378937,0.8096397519111633,0.9807478189468384,0.9536527395248412,110.694,97.86,136.969,127.16,138.219,8.915,104.244,116.838,-162.922,-142.882,inputs/apo_super_af2_bu2_model.pdb,inputs/super_af2_bu2.pdb,free,inputs/super_af2_bu2_apo.csv,20,super_af2_mu2
3.084,2.649,2.91,2.76,2.327,110.231,87.465,103.8,137.704,-68.579,-63.828,-171.085,-163.724,0.133,1.469,0.214,0.94,0.69,0.87,0.42,0.08,1.01,True,True,True,True,True,0.8742146492004395,0.9762465357780457,0.4581207931041717,0.4544993638992309,0.8229897618293762,0.980573832988739,0.9539136290550232,110.905,98.942,135.928,126.733,137.783,26.632,103.523,118.28,-163.055,-143.541,inputs/apo_super_af2_bu2_model.pdb,inputs/super_af2_bu2.pdb,free,inputs/super_af2_bu2_apo.csv,21,super_af2_mu2
3.106,2.666,2.91,2.796,2.394,111.451,88.049,104.142,138.243,-69.432,-63.828,-171.414,-165.827,0.121,1.471,0.211,0.84,0.66,0.83,0.42,0.08,1.01,True,True,True,True,True,0.8271430134773254,0.979705810546875,0.4533989429473877,0.4472015500068664,0.8192188143730164,0.9779651761054992,0.9548069834709167,110.829,98.954,137.122,126.838,137.84,19.2,102.588,118.557,-163.79,-143.92,inputs/apo_super_af2_bu2_model.pdb,inputs/super_af2_bu2.pdb,free,inputs/super_af2_bu2_apo.csv,22,super_af2_mu2
3.069,2.714,2.888,2.729,2.432,112.059,87.16,103.665,137.263,-69.457,-63.828,-170.037,-162.765,0.177,1.478,0.21,0.84,0.69,0.86,0.42,0.08,0.97,True,True,True,True,True,0.9756048321723938,0.9746932983398438,0.5667808055877686,0.5560495257377625,0.8078039288520813,0.9832173585891724,0.9548170566558838,109.937,100.525,136.176,126.018,136.068,12.97,103.088,115.821,-162.583,-143.634,inputs/apo_super_af2_bu2_model.pdb,inputs/super_af2_bu2.pdb,free,inputs/super_af2_bu2_apo.csv,23,super_af2_mu2
3.129,2.671,2.864,2.78,2.419,113.566,88.999,104.532,136.814,-69.257,-63.828,-168.913,-165.491,0.116,1.473,0.193,0.84,0.65,0.8,0.41,0.08,1.01,True,True,True,True,True,0.8417115807533264,0.9787082076072692,0.4429188668727875,0.4377742111682892,0.8041051626205444,0.9811304807662964,0.9558193683624268,112.169,97.541,139.052,127.191,137.806,16.009,105.532,116.946,-165.121,-146.047,inputs/apo_super_af2_bu2_model.pdb,inputs/super_af2_bu2.pdb,free,inputs/super_af2_bu2_apo.csv,24,super_af2_mu2
3.097,2.649,2.862,2.814,2.396,110.405,88.565,101.703,139.384,-68.674,-63.828,-170.657,-162.079,0.101,1.488,0.179,0.95,0.61,0.75,0.4,0.08,1.02,True,True,True,True,True,0.9068595170974731,0.9747942090034484,0.5071598291397095,0.4971590042114258,0.8015850186347961,0.982069492340088,0.9543623924255372,112.127,97.592,136.263,126.293,137.514,20.528,105.921,115.771,-163.395,-145.969,inputs/apo_super_af2_bu2_model.pdb,inputs/super_af2_bu2.pdb,free,inputs/super_af2_bu2_apo.csv,25,super_af2_mu2
3.12,2.714,2.832,2.765,2.36,111.086,87.056,102.288,137.37,-68.253,-63.828,-170.981,-161.568,0.141,1.493,0.124,0.91,0.68,0.86,0.48,0.08,1.01,True,True,True,True,True,1.0828269720077517,0.956064999103546,0.7516573071479797,0.7422816753387451,0.8196470141410828,0.979982614517212,0.9563311338424684,111.641,99.188,135.256,125.893,137.699,14.633,106.931,115.564,-162.9,-145.502,inputs/apo_super_af2_bu2_model.pdb,inputs/super_af2_bu2.pdb,free,inputs/super_af2_bu2_apo.csv,26,super_af2_mu2
3.09,2.612,2.842,2.798,2.383,110.383,87.897,103.532,137.115,-68.887,-63.828,-170.46,-165.178,0.085,1.479,0.249,0.85,0.64,0.79,0.42,0.08,0.97,True,True,True,True,True,0.8537995219230652,0.981055498123169,0.4211337566375732,0.4154232740402221,0.8218268156051636,0.9802956581115724,0.9519470930099488,111.699,96.08,135.868,126.594,137.37,23.302,105.014,117.933,-164.756,-143.194,inputs/apo_super_af2_bu2_model.pdb,inputs/super_af2_bu2.pdb,free,inputs/super_af2_bu2_apo.csv,27,super_af2_mu2
3.156,2.671,2.883,2.758,2.401,105.727,88.103,103.358,137.028,-69.263,-63.828,-173.141,-162.71,0.199,1.479,0.178,0.94,0.61,0.75,0.42,0.08,1.01,True,True,True,True,True,0.8756406307220459,0.980620801448822,0.4570565521717071,0.4516472518444061,0.8244707584381104,0.9792174100875854,0.952067255973816,111.999,96.183,134.781,126.737,137.973,20.293,107.051,113.405,-163.239,-146.052,inputs/apo_super_af2_bu2_model.pdb,inputs/super_af2_bu2.pdb,free,inputs/super_af2_bu2_apo.csv,28,super_af2_mu2
3.074,2.621,2.824,2.808,2.334,111.447,84.881,102.223,137.569,-68.17,-63.828,-169.746,-162.191,0.163,1.49,0.209,0.9,0.58,0.69,0.4,0.08,1.0,True,True,True,True,True,0.8522089719772339,0.9772659540176392,0.472440630197525,0.4675624370574951,0.8300060033798218,0.9809912443161012,0.9523090124130248,110.867,100.238,136.08,126.852,137.429,6.491,108.1,114.589,-164.448,-148.14,inputs/apo_super_af2_bu2_model.pdb,inputs/super_af2_bu2.pdb,free,inputs/super_af2_bu2_apo.csv,29,super_af2_mu2
3.137,2.608,2.761,2.786,2.405,109.736,84.964,104.248,135.066,-68.566,-63.828,-171.799,-165.6,0.109,1.481,0.254,0.85,0.56,0.67,0.4,0.08,1.02,True,True,True,True,True,0.8921886682510376,0.9768434166908264,0.5229031443595886,0.5188080668449402,0.8259971737861633,0.9807825684547424,0.953563630580902,112.255,97.319,135.947,127.803,138.612,27.011,107.244,119.034,-164.184,-145.96,inputs/apo_super_af2_bu2_model.pdb,inputs/super_af2_bu2.pdb,free,inputs/super_af2_bu2_apo.csv,30,super_af2_mu2
3.174,2.632,2.889,2.809,2.41,112.403,84.124,106.44,134.458,-69.604,-63.828,-170.126,-166.566,0.147,1.464,0.267,0.91,0.69,0.89,0.4,0.08,1.04,True,True,True,True,True,0.9161965250968932,0.975728452205658,0.5397946238517761,0.5306194424629211,0.8073691725730896,0.9819304347038268,0.9557640552520752,110.607,99.39,136.71,125.439,135.273,18.392,101.993,122.92,-164.813,-142.243,inputs/apo_super_af2_bu2_model.pdb,inputs/super_af2_bu2.pdb,free,inputs/super_af2_bu2_apo.csv,31,super_af2_mu2
3.126,2.644,2.839,2.805,2.375,113.708,86.49,104.442,136.114,-68.544,-63.828,-169.048,-165.737,0.131,1.472,0.237,0.84,0.63,0.79,0.43,0.08,0.95,True,True,True,True,True,0.9096514582633972,0.9748771786689758,0.5134394764900208,0.508501410484314,0.8046141862869263,0.9815130829811096,0.9558889865875244,111.713,99.149,138.667,126.523,137.821,9.133,104.668,117.654,-163.685,-144.273,inputs/apo_super_af2_bu2_model.pdb,inputs/super_af2_bu2.pdb,free,inputs/super_af2_bu2_apo.csv,32,super_af2_mu2
3.141,2.694,2.87,2.792,2.546,110.664,85.436,103.645,136.688,-69.204,-63.828,-170.616,-163.479,0.168,1.479,0.147,0.94,0.6,0.74,0.43,0.08,1.0,True,True,True,True,True,0.8247188925743103,0.979969084262848,0.4101226031780243,0.4065459966659546,0.8242893815040588,0.9798434376716614,0.9529553651809692,111.007,99.616,135.399,124.9,133.107,32.488,106.769,113.6,-163.868,-145.825,inputs/apo_super_af2_bu2_model.pdb,inputs/super_af2_bu2.pdb,free,inputs/super_af2_bu2_apo.csv,33,super_af2_mu2
3.079,2.656,2.867,2.715,2.442,111.53,88.562,102.634,136.309,-68.056,-63.828,-169.17,-159.058,0.104,1.483,0.25,0.84,0.6,0.71,0.41,0.08,0.97,True,True,True,True,True,0.8013149499893188,0.9819029569625854,0.4141782820224762,0.4082943499088287,0.8232691287994385,0.980573832988739,0.9528006911277772,112.211,97.455,137.401,126.088,137.42,20.652,105.758,116.816,-163.655,-147.551,inputs/apo_super_af2_bu2_model.pdb,inputs/super_af2_bu2.pdb,free,inputs/super_af2_bu2_apo.csv,34,super_af2_mu2
3.103,3.227,5.173,2.798,2.373,105.95,90.679,94.681,41.769,-68.619,-63.828,175.844,175.963,0.186,0.174,0.265,1.09,1.05,1.25,0.44,0.08,0.95,True,False,True,True,False,0.8461670875549316,0.981928050518036,0.51325923204422,0.5067942142486572,0.8147847056388855,0.9787999391555786,0.9543440937995912,111.887,99.714,134.457,125.558,136.384,14.251,78.234,123.856,8.963,-144.821,inputs/apo_super_af2_bu2_model.pdb,inputs/super_af2_bu2.pdb,free,inputs/super_af2_bu2_apo.csv,35,super_af2_mu2
3.07,2.647,2.834,2.776,2.42,111.676,88.805,102.846,138.133,-67.939,-63.828,-170.154,-163.788,0.077,1.481,0.153,0.85,0.61,0.72,0.4,0.08,0.94,True,True,True,True,True,0.8748138546943665,0.9781541228294371,0.4587565064430237,0.451168030500412,0.8066537976264954,0.9807476997375488,0.9544918537139891,111.607,97.971,137.008,125.545,136.012,18.238,106.825,115.397,-163.675,-146.055,inputs/apo_super_af2_bu2_model.pdb,inputs/super_af2_bu2.pdb,free,inputs/super_af2_bu2_apo.csv,36,super_af2_mu2
3.145,2.608,2.843,2.83,2.354,108.459,84.666,102.912,136.761,-69.398,-63.828,-170.817,-161.246,0.164,1.482,0.2,0.91,0.59,0.7,0.4,0.08,0.99,True,True,True,True,True,0.857018768787384,0.9802101254463196,0.4669060409069061,0.4600833356380462,0.8102006316184998,0.98085218667984,0.9550909399986268,111.645,97.996,134.868,127.717,138.924,14.072,107.341,115.674,-163.521,-146.355,inputs/apo_super_af2_bu2_model.pdb,inputs/super_af2_bu2.pdb,free,inputs/super_af2_bu2_apo.csv,37,super_af2_mu2
3.073,2.622,2.847,2.731,2.448,110.131,88.985,103.157,138.094,-67.938,-63.828,-171.294,-163.83,0.101,1.478,0.213,0.88,0.62,0.75,0.39,0.08,0.99,True,True,True,True,True,0.9779607057571412,0.9716410040855408,0.5379083156585693,0.5345699191093445,0.8248365521430969,0.9795652627944946,0.9528072476387024,112.368,97.431,136.493,126.3,136.394,24.23,104.931,117.686,-163.957,-144.913,inputs/apo_super_af2_bu2_model.pdb,inputs/super_af2_bu2.pdb,free,inputs/super_af2_bu2_apo.csv,38,super_af2_mu2
3.077,2.618,2.82,2.754,2.289,112.056,86.821,103.324,136.124,-68.267,-63.828,-169.184,-163.047,0.083,1.482,0.317,0.8,0.63,0.75,0.41,0.08,1.05,True,True,True,True,True,0.9483532309532166,0.9745333790779114,0.5432586073875427,0.5330583453178406,0.8246963024139404,0.97695654630661,0.9535956978797911,111.891,97.818,137.332,126.349,137.963,25.914,104.193,118.543,-163.537,-142.362,inputs/apo_super_af2_bu2_model.pdb,inputs/super_af2_bu2.pdb,free,inputs/super_af2_bu2_apo.csv,39,super_af2_mu2
3.054,2.7,2.851,2.765,2.406,111.999,87.83,102.848,137.452,-68.222,-63.828,-170.114,-161.465,0.143,1.482,0.226,0.88,0.59,0.7,0.4,0.08,0.98,True,True,True,True,True,1.0185776948928833,0.9716535210609436,0.5579788684844971,0.5515772700309753,0.810904324054718,0.9807478189468384,0.9540859460830688,110.212,99.982,136.98,124.914,134.833,23.866,106.837,112.984,-162.224,-147.331,inputs/apo_super_af2_bu2_model.pdb,inputs/super_af2_bu2.pdb,free,inputs/super_af2_bu2_apo.csv,40,super_af2_mu2
3.111,2.639,2.877,2.771,2.341,110.117,87.1,103.26,137.411,-68.315,-63.828,-171.443,-162.572,0.122,1.474,0.247,0.92,0.65,0.82,0.42,0.08,0.95,True,True,True,True,True,0.8645163178443909,0.977496862411499,0.4586771726608276,0.4518493413925171,0.8091335296630859,0.9808868765830994,0.9547359347343444,111.663,98.128,135.188,126.09,136.645,10.027,103.418,118.97,-162.642,-143.224,inputs/apo_super_af2_bu2_model.pdb,inputs/super_af2_bu2.pdb,free,inputs/super_af2_bu2_apo.csv,41,super_af2_mu2
3.154,2.614,2.842,2.781,2.353,109.933,82.854,105.393,132.991,-68.515,-63.828,-170.334,-163.696,0.13,1.47,0.407,0.86,0.7,0.91,0.4,0.08,1.01,True,True,True,True,True,0.8321099281311035,0.9797727465629578,0.4280769228935241,0.424012154340744,0.8065103888511658,0.9816869497299194,0.9542560577392578,110.91,98.995,136.269,125.89,136.208,6.391,102.24,123.914,-163.266,-140.977,inputs/apo_super_af2_bu2_model.pdb,inputs/super_af2_bu2.pdb,free,inputs/super_af2_bu2_apo.csv,42,super_af2_mu2
3.231,2.647,2.903,2.771,2.433,108.013,85.903,105.58,135.276,-69.555,-63.828,-173.328,-163.185,0.18,1.46,0.265,1.02,0.69,0.9,0.42,0.08,0.95,True,True,True,True,True,0.8854020833969116,0.9774613976478576,0.5196427702903748,0.5113975405693054,0.8057287335395813,0.9821739196777344,0.9546040296554564,112.382,97.017,133.986,125.11,135.767,15.133,101.444,122.323,-163.388,-144.343,inputs/apo_super_af2_bu2_model.pdb,inputs/super_af2_bu2.pdb,free,inputs/super_af2_bu2_apo.csv,43,super_af2_mu2
3.198,2.645,2.832,2.803,2.356,109.349,86.19,104.725,134.973,-69.139,-63.828,-170.912,-164.09,0.09,1.47,0.341,0.96,0.63,0.78,0.35,0.08,0.94,True,True,True,True,True,1.024961233139038,0.9719241857528688,0.6128624081611633,0.6025012135505676,0.8062065839767456,0.9806435108184814,0.9549927115440368,112.413,96.535,136.62,126.233,138.078,24.206,101.396,121.966,-163.421,-140.827,inputs/apo_super_af2_bu2_model.pdb,inputs/super_af2_bu2.pdb,free,inputs/super_af2_bu2_apo.csv,44,super_af2_mu2
3.139,2.64,2.844,2.822,2.431,111.246,86.716,102.515,136.708,-70.031,-63.828,-169.139,-161.29,0.082,1.493,0.249,0.83,0.59,0.71,0.44,0.08,1.06,True,True,True,True,True,0.9347297549247742,0.9756827354431152,0.5014990568161011,0.4962702989578247,0.8323961496353149,0.98102605342865,0.945759117603302,112.695,96.911,137.904,127.421,137.118,37.545,105.957,115.225,-163.45,-144.821,inputs/apo_super_af2_bu2_model.pdb,inputs/super_af2_bu2.pdb,free,inputs/super_af2_bu2_apo.csv,45,super_af2_mu2
3.099,2.673,2.896,2.775,2.365,109.86,88.6,103.568,139.609,-69.418,-63.828,-172.112,-168.04,0.121,1.48,0.114,0.93,0.62,0.76,0.4,0.08,0.97,True,True,True,True,True,0.8564476370811462,0.9797139167785645,0.4377698600292206,0.4341201484203338,0.827032744884491,0.9783478379249572,0.9541839957237244,111.813,98.427,135.747,126.759,137.726,23.951,106.6,112.602,-163.643,-145.16,inputs/apo_super_af2_bu2_model.pdb,inputs/super_af2_bu2.pdb,free,inputs/super_af2_bu2_apo.csv,46,super_af2_mu2
3.124,2.617,2.819,2.763,2.375,110.702,82.337,104.889,134.038,-68.479,-63.828,-170.71,-162.843,0.185,1.47,0.267,0.92,0.6,0.71,0.43,0.08,0.95,True,True,True,True,True,0.8152378797531128,0.9812142848968506,0.4148735404014587,0.4108710587024688,0.8206839561462402,0.980573832988739,0.9546435475349426,110.329,100.245,133.969,125.459,136.04,13.77,105.279,120.391,-163.936,-145.283,inputs/apo_super_af2_bu2_model.pdb,inputs/super_af2_bu2.pdb,free,inputs/super_af2_bu2_apo.csv,47,super_af2_mu2
3.14,2.695,2.858,2.804,2.451,110.823,88.11,102.488,137.551,-68.66,-63.828,-169.808,-161.96,0.087,1.482,0.183,0.92,0.65,0.8,0.42,0.08,1.02,True,True,True,True,True,0.89830082654953,0.9744166135787964,0.5163500905036926,0.507315456867218,0.8220194578170776,0.9814434051513672,0.9523566961288452,112.151,97.221,135.854,127.181,138.756,23.05,107.038,114.927,-162.843,-146.317,inputs/apo_super_af2_bu2_model.pdb,inputs/super_af2_bu2.pdb,free,inputs/super_af2_bu2_apo.csv,48,super_af2_mu2
3.145,2.656,2.86,2.767,2.399,110.664,86.576,105.544,134.009,-68.245,-63.828,-170.833,-166.36,0.094,1.474,0.288,0.87,0.68,0.85,0.47,0.08,0.96,True,True,True,True,True,0.954663336277008,0.9750991463661194,0.530336320400238,0.5275368094444275,0.8484727740287781,0.9780347943305968,0.9399240612983704,111.512,97.241,137.736,126.223,136.24,20.273,103.767,119.822,-163.526,-140.307,inputs/apo_super_af2_bu2_model.pdb,inputs/super_af2_bu2.pdb,free,inputs/super_af2_bu2_apo.csv,49,super_af2_mu2
