serhis_hbdist,hislg_hbdist_toreflig,hisacid_hbdist,oxh1_hbdist,oxh1_hbdist_toreflig,oxh2_hbdist,oxh2_hbdist_toreflig,serhis_angleA,serhis_angleB,hislg_angleB_toreflig,hislg_angleA_toreflig,ser_chi,ser_chi_ref,serhis_dihedralB,hislg_dihedralA_toreflig,ser_sc_rmsd_toref,his_sc_rmsd_toref,acid_sc_rmsd_toref,oxyanion_rmsd_toreflig,serOG_unc,hisNE2_unc,hisND1_unc,acidOXY_unc,oxh1DON_unc,oxh2DON_unc,oxyan_unc,is_hbond_ser-his,is_hbond_his-lgref,is_hbond_oxh1-ox,is_hbond_oxh1-oxref,is_hbond_oxh2-ox,is_hbond_oxh2-oxref,is_hbond_his-asp,fape,lddt,rmsd,kabsch,prmsd,plddt,plddt_pde,oxh1_angleA,oxh1_angleA_toreflig,oxh1_angleB,oxh1_angleB_toreflig,oxh1_dihedralB,oxh1_dihedralB_toreflig,oxh2_angleA,oxh2_angleA_toreflig,oxh2_angleB,oxh2_angleB_toreflig,oxh2_dihedralB,oxh2_dihedralB_toreflig,hisacid_angleA,hisacid_angleB,hisacid_dihedralA,hisacid_dihedralB,pdb,ref,step,csv,i,label
3.065,2.655,2.835,5.64,2.811,3.833,2.603,108.64,88.592,102.779,139.125,-67.691,-63.828,-173.256,-169.305,0.094,1.485,0.357,3.047,0.9,0.65,0.79,0.42,0.08,1.17,5.39,True,True,False,True,False,True,True,1.2724745273590088,0.9384695887565612,3.6147499084472656,2.054340124130249,4.8804450035095215,0.5166666507720947,0.5574173927307129,128.523,111.084,89.832,98.789,124.114,137.818,155.632,122.507,146.619,126.363,-36.499,38.37,100.664,120.85,-162.587,-140.906,inputs/substrate_super_af2_bu2_model.pdb,inputs/super_af2_bu2.pdb,acyl,inputs/super_af2_bu2_substrate.csv,0,super_af2_mu2
3.052,2.673,2.813,3.12,2.779,3.413,3.778,105.512,88.234,102.047,141.57,-70.474,-63.828,-175.947,-166.629,0.217,1.483,0.373,0.975,1.21,0.54,0.66,0.41,0.08,0.97,2.8,True,True,True,True,False,False,True,1.3394588232040403,0.9392752051353456,3.86324143409729,0.8666477799415588,3.3983404636383057,0.8011110424995422,0.6909345984458923,135.145,110.43,108.926,99.524,149.65,133.986,100.484,126.837,76.301,84.011,73.185,60.76,97.56,123.7,-162.21,-138.924,inputs/substrate_super_af2_bu2_model.pdb,inputs/super_af2_bu2.pdb,acyl,inputs/super_af2_bu2_substrate.csv,1,super_af2_mu2
3.036,2.677,2.79,9.006,2.79,7.246,2.38,108.348,89.115,101.394,140.184,-68.586,-63.828,-172.272,-166.041,0.101,1.506,0.273,6.528,0.89,0.47,0.58,0.4,0.08,1.15,5.67,True,True,False,True,False,True,True,1.2061736583709717,0.9355337619781494,4.899038314819336,1.338621973991394,4.889123439788818,0.5199999809265137,0.5987815856933594,63.938,111.21,80.369,98.895,123.819,137.372,54.967,124.387,137.581,134.736,-73.603,24.604,103.118,117.982,-162.895,-143.282,inputs/substrate_super_af2_bu2_model.pdb,inputs/super_af2_bu2.pdb,acyl,inputs/super_af2_bu2_substrate.csv,2,super_af2_mu2
3.051,2.746,2.754,2.914,2.818,3.79,3.823,109.842,89.176,101.844,141.273,-70.743,-63.828,-173.574,-173.539,0.164,1.502,0.245,0.713,0.97,0.55,0.67,0.39,0.08,0.86,2.54,True,True,True,True,False,False,True,1.3247959613800049,0.9413836002349854,3.8086678981781006,0.9334145784378052,3.1290032863616943,0.8211110830307007,0.7411566972732544,157.179,110.924,103.659,99.726,151.309,137.423,81.921,126.447,74.289,80.485,68.904,59.923,103.053,117.291,-165.788,-142.381,inputs/substrate_super_af2_bu2_model.pdb,inputs/super_af2_bu2.pdb,acyl,inputs/super_af2_bu2_substrate.csv,3,super_af2_mu2
3.059,2.71,2.831,5.195,2.765,3.806,2.341,106.774,93.186,102.102,141.895,-68.04,-63.828,-175.633,-175.99,0.076,1.498,0.204,2.904,1.01,0.63,0.76,0.43,0.08,1.3,4.44,True,True,False,True,False,True,True,1.2403795719146729,0.9298806190490724,5.727566719055176,1.146716833114624,4.611113548278809,0.5644444227218628,0.6454217433929443,139.835,111.9,97.764,97.085,112.845,137.256,89.145,127.478,111.643,138.916,-46.306,6.503,104.261,114.885,-168.559,-145.718,inputs/substrate_super_af2_bu2_model.pdb,inputs/super_af2_bu2.pdb,acyl,inputs/super_af2_bu2_substrate.csv,4,super_af2_mu2
3.139,2.638,2.829,7.24,2.75,5.189,2.393,108.466,89.106,103.198,136.183,-69.229,-63.828,-171.954,-160.4,0.111,1.472,0.317,5.162,1.1,0.69,0.87,0.41,0.08,1.02,5.64,True,True,False,True,False,True,True,1.3205217123031616,0.9332215189933776,5.00112771987915,1.3343485593795776,4.901983261108398,0.5344443917274475,0.5751966238021851,75.853,113.303,107.054,95.328,106.094,137.801,44.306,124.665,93.864,134.838,-55.951,18.112,101.027,120.211,-158.814,-142.073,inputs/substrate_super_af2_bu2_model.pdb,inputs/super_af2_bu2.pdb,acyl,inputs/super_af2_bu2_substrate.csv,5,super_af2_mu2
3.016,2.681,2.861,6.627,2.776,4.37,2.448,104.547,92.384,101.87,145.199,-70.911,-63.828,-177.991,-179.348,0.152,1.498,0.166,4.306,1.11,0.58,0.69,0.52,0.08,1.42,3.65,True,True,False,True,False,False,True,1.3815580606460571,0.9246323108673096,5.854576587677002,1.3623965978622437,4.455825805664063,0.5222222208976746,0.6326901912689209,69.372,111.386,97.931,98.343,108.825,135.038,99.159,125.616,129.161,129.471,-49.169,50.01,102.854,115.827,-168.238,-143.616,inputs/substrate_super_af2_bu2_model.pdb,inputs/super_af2_bu2.pdb,acyl,inputs/super_af2_bu2_substrate.csv,6,super_af2_mu2
3.139,2.703,2.828,9.773,2.812,7.032,2.465,107.565,89.722,102.221,140.917,-67.612,-63.828,-172.512,-163.796,0.146,1.486,0.242,7.038,0.99,0.67,0.73,0.46,0.08,1.25,6.09,True,True,False,True,False,True,True,1.228708028793335,0.9311503767967224,4.654253482818604,1.5454063415527344,5.161595821380615,0.5100000500679016,0.6146894693374634,65.363,111.305,90.991,98.948,126.319,134.488,77.041,122.89,128.75,131.617,-88.739,25.899,100.769,118.513,-162.249,-142.594,inputs/substrate_super_af2_bu2_model.pdb,inputs/super_af2_bu2.pdb,acyl,inputs/super_af2_bu2_substrate.csv,7,super_af2_mu2
3.147,2.727,2.827,4.778,2.748,4.238,2.396,106.641,87.222,103.539,137.283,-68.632,-63.828,-173.76,-164.476,0.18,1.477,0.244,2.763,0.96,0.55,0.69,0.41,0.08,1.24,5.64,True,True,False,True,False,True,True,1.231471061706543,0.9417755007743835,3.802942514419556,1.7268160581588743,4.776722431182861,0.5155555605888367,0.5452033281326294,145.653,110.699,85.357,99.11,107.69,134.415,94.953,126.247,132.023,135.113,-21.039,31.758,100.769,120.185,-162.184,-142.445,inputs/substrate_super_af2_bu2_model.pdb,inputs/super_af2_bu2.pdb,acyl,inputs/super_af2_bu2_substrate.csv,8,super_af2_mu2
3.038,2.701,2.728,3.889,2.773,3.066,3.36,108.562,92.142,101.696,140.806,-67.792,-63.828,-172.19,-169.692,0.082,1.503,0.163,1.652,1.27,0.56,0.65,0.41,0.08,1.07,3.89,True,True,False,True,False,False,True,1.0922821760177612,0.9503569602966307,2.925968170166016,1.0408018827438354,4.196108818054199,0.5911110639572144,0.6478958129882812,108.973,111.868,102.127,97.546,159.55,138.34,145.606,124.228,95.079,95.836,86.907,57.434,106.064,115.476,-166.183,-145.546,inputs/substrate_super_af2_bu2_model.pdb,inputs/super_af2_bu2.pdb,acyl,inputs/super_af2_bu2_substrate.csv,9,super_af2_mu2
3.196,2.656,2.819,9.374,2.823,6.405,2.42,106.048,82.834,103.922,136.684,-68.761,-63.828,-171.964,-163.99,0.26,1.483,0.379,6.618,0.96,0.51,0.65,0.41,0.08,1.18,5.57,True,True,False,True,False,True,True,1.3405113220214844,0.9263435006141664,4.986074447631836,1.56725013256073,4.633867263793945,0.5355555415153503,0.5620226860046387,26.292,109.956,96.58,101.329,124.346,133.827,18.979,124.849,128.438,132.554,-89.436,34.366,98.839,123.295,-162.72,-140.13,inputs/substrate_super_af2_bu2_model.pdb,inputs/super_af2_bu2.pdb,acyl,inputs/super_af2_bu2_substrate.csv,10,super_af2_mu2
2.944,2.691,2.729,6.502,2.755,5.583,2.499,106.83,93.76,99.813,144.632,-66.28,-63.828,-175.221,-175.852,0.074,1.53,0.208,4.669,1.12,0.9,1.0,0.52,0.08,1.32,4.96,True,True,False,True,False,True,True,1.539236307144165,0.9138975739479064,3.088857889175415,1.0964184999465942,3.866058588027954,0.6633332371711731,0.7070053219795227,39.366,111.447,71.63,99.217,164.275,137.142,17.048,123.115,168.158,130.971,147.535,25.437,104.688,116.664,-166.029,-140.277,inputs/substrate_super_af2_bu2_model.pdb,inputs/super_af2_bu2.pdb,acyl,inputs/super_af2_bu2_substrate.csv,11,super_af2_mu2
3.045,2.708,2.831,4.403,2.783,2.593,2.616,103.746,93.999,100.549,144.444,-65.301,-63.828,-176.572,-171.523,0.105,1.505,0.177,1.787,0.98,0.55,0.63,0.48,0.08,1.06,6.39,True,True,False,True,False,True,True,1.2412109375,0.9383247494697572,5.004876613616943,2.1869399547576904,5.214809417724609,0.4955555498600006,0.5380013585090637,75.266,111.788,93.695,97.903,146.862,135.144,103.535,123.33,167.368,127.761,46.229,31.341,103.602,114.775,-165.028,-144.768,inputs/substrate_super_af2_bu2_model.pdb,inputs/super_af2_bu2.pdb,acyl,inputs/super_af2_bu2_substrate.csv,12,super_af2_mu2
3.002,2.73,2.773,6.325,2.707,3.999,2.573,108.455,92.01,101.97,141.662,-67.972,-63.828,-172.953,-169.796,0.134,1.503,0.195,3.913,1.06,0.56,0.61,0.43,0.08,1.23,5.18,True,True,False,True,False,True,True,1.3960942029953003,0.9274688959121704,5.545075416564941,1.4660545587539673,4.953169822692871,0.4944444298744201,0.6072439551353455,51.267,110.974,101.32,99.753,116.249,137.286,89.431,123.673,124.343,129.107,-55.058,35.021,103.689,116.919,-165.108,-144.056,inputs/substrate_super_af2_bu2_model.pdb,inputs/super_af2_bu2.pdb,acyl,inputs/super_af2_bu2_substrate.csv,13,super_af2_mu2
2.992,2.723,2.85,4.998,2.735,4.401,3.505,109.952,91.974,100.643,144.249,-69.18,-63.828,-172.781,-168.236,0.151,1.503,0.231,2.751,1.16,0.59,0.67,0.51,0.08,1.12,4.93,True,True,False,True,False,False,True,1.281251072883606,0.935174524784088,6.089578628540039,1.100629210472107,4.7266950607299805,0.5166666507720947,0.6060878038406372,100.656,111.662,85.818,101.004,118.357,137.592,28.815,122.966,128.456,91.877,42.422,56.159,101.088,116.269,-162.99,-141.683,inputs/substrate_super_af2_bu2_model.pdb,inputs/super_af2_bu2.pdb,acyl,inputs/super_af2_bu2_substrate.csv,14,super_af2_mu2
2.937,2.643,2.802,5.797,2.739,5.01,2.389,104.741,95.03,101.692,144.7,-67.749,-63.828,-179.253,173.626,0.076,1.526,0.199,3.64,1.06,1.21,1.1,0.53,0.08,1.31,3.86,True,True,False,True,False,True,True,1.3465927839279177,0.9249182343482972,6.12372350692749,1.146978497505188,4.292536735534668,0.5277777910232544,0.6658403873443604,106.209,112.014,85.012,98.045,112.534,138.162,62.567,125.555,122.746,135.758,-42.542,11.35,103.31,117.702,-168.451,-140.023,inputs/substrate_super_af2_bu2_model.pdb,inputs/super_af2_bu2.pdb,acyl,inputs/super_af2_bu2_substrate.csv,15,super_af2_mu2
3.025,2.621,2.78,6.047,2.752,4.3,2.487,105.719,89.594,102.692,140.883,-68.146,-63.828,-175.456,-174.631,0.097,1.493,0.196,3.604,1.0,0.57,0.68,0.46,0.08,1.26,5.98,True,True,False,True,False,True,True,1.3213059902191162,0.9312247037887572,5.979272842407227,1.4197945594787598,5.034286022186279,0.5188888907432556,0.6257609724998474,82.585,111.542,96.489,98.657,116.399,137.092,107.657,124.595,117.779,134.753,-54.156,15.521,105.965,115.411,-166.287,-143.658,inputs/substrate_super_af2_bu2_model.pdb,inputs/super_af2_bu2.pdb,acyl,inputs/super_af2_bu2_substrate.csv,16,super_af2_mu2
3.116,2.677,2.845,3.164,2.77,3.565,3.845,110.925,89.322,103.944,139.009,-71.298,-63.828,-172.463,-165.995,0.104,1.469,0.153,0.834,1.24,0.56,0.65,0.4,0.08,0.95,2.88,True,True,True,True,False,False,True,1.1122970581054688,0.9458458423614502,3.7473576068878174,1.182575225830078,2.8658854961395264,0.8844444155693054,0.751640796661377,149.388,112.252,103.281,97.44,150.669,137.433,91.513,125.704,77.059,80.588,72.821,60.931,103.129,118.969,-164.235,-146.626,inputs/substrate_super_af2_bu2_model.pdb,inputs/super_af2_bu2.pdb,acyl,inputs/super_af2_bu2_substrate.csv,17,super_af2_mu2
3.047,2.718,2.812,3.328,2.755,4.662,4.016,108.503,89.304,101.52,140.766,-68.233,-63.828,-173.089,-165.556,0.158,1.494,0.242,1.241,1.27,0.58,0.71,0.45,0.08,0.88,4.25,True,True,True,True,False,False,True,1.3414127826690674,0.9448527693748474,2.276454210281372,1.0473867654800415,3.723434686660767,0.6711111068725586,0.6597107648849487,147.029,111.139,87.022,99.589,151.811,134.98,53.481,126.052,77.476,74.849,71.888,57.639,100.767,120.149,-162.724,-141.087,inputs/substrate_super_af2_bu2_model.pdb,inputs/super_af2_bu2.pdb,acyl,inputs/super_af2_bu2_substrate.csv,18,super_af2_mu2
3.08,2.658,2.788,6.665,2.777,5.371,2.359,109.18,89.718,101.718,138.181,-67.732,-63.828,-170.318,-161.466,0.063,1.496,0.209,4.229,1.02,0.6,0.7,0.39,0.08,1.18,5.62,True,True,False,True,False,True,True,1.2812432050704956,0.9376173615455629,3.689741611480713,1.9457895755767824,4.76771354675293,0.5311110615730286,0.5729622840881348,92.648,112.215,80.197,96.811,122.569,137.501,73.245,126.703,135.261,137.23,-59.397,14.742,105.651,117.038,-161.728,-146.532,inputs/substrate_super_af2_bu2_model.pdb,inputs/super_af2_bu2.pdb,acyl,inputs/super_af2_bu2_substrate.csv,19,super_af2_mu2
3.123,2.64,2.866,8.456,2.745,7.169,2.477,106.52,87.722,103.768,139.133,-69.344,-63.828,-174.69,-168.597,0.151,1.475,0.338,6.095,1.05,0.55,0.65,0.4,0.08,1.23,5.23,True,True,False,True,False,True,True,1.2844209671020508,0.9310572147369384,4.6653594970703125,1.4161399602890017,4.647861480712891,0.5366666913032532,0.560450553894043,81.252,111.81,75.345,98.46,123.956,134.9,60.547,125.757,143.35,136.586,-69.105,22.116,99.365,121.074,-165.028,-140.527,inputs/substrate_super_af2_bu2_model.pdb,inputs/super_af2_bu2.pdb,acyl,inputs/super_af2_bu2_substrate.csv,20,super_af2_mu2
3.046,2.712,2.841,6.319,2.777,5.44,2.421,105.957,92.619,101.485,143.142,-68.564,-63.828,-174.995,-168.516,0.102,1.495,0.256,4.192,1.06,0.62,0.72,0.43,0.08,1.19,4.92,True,True,False,True,False,True,True,1.419538974761963,0.9294292330741882,5.144657611846924,1.708828330039978,4.846177577972412,0.5100000500679016,0.5645003318786621,98.587,111.354,84.304,98.467,109.476,137.196,56.91,124.225,125.891,134.807,-44.681,17.802,100.354,118.308,-162.56,-142.819,inputs/substrate_super_af2_bu2_model.pdb,inputs/super_af2_bu2.pdb,acyl,inputs/super_af2_bu2_substrate.csv,21,super_af2_mu2
3.037,2.664,2.767,7.233,2.783,5.368,2.46,105.232,90.002,102.446,142.34,-67.892,-63.828,-177.269,179.819,0.129,1.498,0.232,4.87,1.16,0.57,0.67,0.48,0.08,1.16,2.98,True,True,False,True,False,True,True,1.230980634689331,0.9330708980560304,6.1651225090026855,0.8884443640708923,4.081043720245361,0.5966666340827942,0.6882221102714539,40.335,111.387,97.492,99.317,109.642,135.319,3.487,122.72,109.765,131.404,-56.43,17.233,103.873,116.727,-169.797,-142.922,inputs/substrate_super_af2_bu2_model.pdb,inputs/super_af2_bu2.pdb,acyl,inputs/super_af2_bu2_substrate.csv,22,super_af2_mu2
3.018,2.751,2.795,5.987,2.717,4.312,2.659,110.125,92.259,102.358,139.696,-66.43,-63.828,-171.681,-169.035,0.146,1.499,0.157,3.977,1.29,0.82,0.92,0.57,0.08,1.18,5.93,True,True,False,True,False,False,True,1.3221440315246582,0.9287771582603456,1.9522782564163208,0.9178481101989746,4.530755996704102,0.5477777123451233,0.6765478849411011,43.969,110.746,89.221,99.526,170.08,139.016,76.523,123.046,134.679,120.917,134.718,51.108,103.52,116.188,-164.074,-142.294,inputs/substrate_super_af2_bu2_model.pdb,inputs/super_af2_bu2.pdb,acyl,inputs/super_af2_bu2_substrate.csv,23,super_af2_mu2
2.972,2.841,2.844,3.107,2.72,3.608,3.725,108.879,95.129,99.611,145.959,-69.708,-63.828,-173.222,-162.771,0.196,1.497,0.23,0.471,1.17,0.67,0.88,0.42,0.08,1.15,4.04,True,True,True,True,False,False,True,1.3261091709136963,0.9386079907417296,4.541959285736084,0.9781838059425354,3.8543484210968018,0.7022221684455872,0.6639204025268555,144.251,110.183,99.829,100.777,141.458,136.166,91.308,125.087,84.892,82.135,64.404,57.782,99.638,114.481,-159.256,-140.184,inputs/substrate_super_af2_bu2_model.pdb,inputs/super_af2_bu2.pdb,acyl,inputs/super_af2_bu2_substrate.csv,24,super_af2_mu2
3.072,2.642,2.798,7.734,2.774,6.033,2.63,107.946,88.38,102.195,138.798,-69.378,-63.828,-173.137,-164.281,0.099,1.495,0.164,5.277,1.01,0.58,0.71,0.42,0.08,1.01,5.79,True,True,False,True,False,True,True,1.105116605758667,0.9487064480781556,2.887516021728516,1.194007396697998,4.761067390441895,0.5633333325386047,0.6211634874343872,47.392,112.094,78.373,97.288,123.989,136.122,31.995,122.614,157.81,124.153,-52.979,42.994,109.095,113.081,-162.692,-148.882,inputs/substrate_super_af2_bu2_model.pdb,inputs/super_af2_bu2.pdb,acyl,inputs/super_af2_bu2_substrate.csv,25,super_af2_mu2
2.962,2.725,2.795,6.809,2.738,5.372,2.457,107.348,94.594,100.773,144.269,-69.352,-63.828,-174.74,-171.882,0.112,1.51,0.212,4.584,0.89,0.5,0.62,0.47,0.08,1.13,5.08,True,True,False,True,False,True,True,1.228163480758667,0.9353780150413512,5.200693607330322,1.5433683395385742,4.870582580566406,0.5111110806465149,0.5615173578262329,84.471,111.165,89.177,97.796,110.137,137.121,45.998,125.236,124.271,134.188,-51.378,25.619,103.021,114.6,-163.282,-142.072,inputs/substrate_super_af2_bu2_model.pdb,inputs/super_af2_bu2.pdb,acyl,inputs/super_af2_bu2_substrate.csv,26,super_af2_mu2
2.93,2.735,2.803,3.075,2.742,3.668,3.993,110.31,94.114,101.505,143.664,-69.712,-63.828,-175.725,177.354,0.154,1.497,0.285,0.38,1.19,0.85,0.93,0.42,0.08,0.94,3.0,True,True,True,True,False,False,True,1.1833868026733398,0.940232753753662,5.135112285614014,0.8826268911361694,3.729530096054077,0.757777750492096,0.7354270815849304,125.449,111.131,102.836,99.536,138.097,139.55,90.928,127.689,79.167,76.474,60.202,59.02,101.725,119.021,-169.47,-139.614,inputs/substrate_super_af2_bu2_model.pdb,inputs/super_af2_bu2.pdb,acyl,inputs/super_af2_bu2_substrate.csv,27,super_af2_mu2
3.075,2.665,2.832,3.684,2.782,3.515,2.404,109.617,87.203,102.067,138.489,-66.264,-63.828,-171.28,-161.374,0.146,1.486,0.314,1.524,1.12,0.62,0.71,0.44,0.08,1.28,6.31,True,True,False,True,False,True,True,1.2416518926620483,0.9485135674476624,2.59751033782959,1.3926095962524414,4.946635246276856,0.5333333611488342,0.5853554010391235,125.032,111.075,80.909,100.864,127.536,137.1,64.465,123.121,144.859,129.303,19.19,39.466,100.738,120.064,-160.411,-141.812,inputs/substrate_super_af2_bu2_model.pdb,inputs/super_af2_bu2.pdb,acyl,inputs/super_af2_bu2_substrate.csv,28,super_af2_mu2
3.086,2.779,2.838,5.33,2.734,3.207,2.811,111.3,92.962,101.798,138.791,-68.788,-63.828,-168.448,-161.962,0.14,1.495,0.149,3.127,1.21,0.54,0.66,0.35,0.08,1.35,6.16,True,True,False,True,False,True,True,1.3629393577575684,0.9377272129058838,3.948359489440918,0.880268394947052,4.42980432510376,0.5533332824707031,0.6583547592163086,15.312,111.537,95.796,97.441,166.802,140.254,55.806,122.013,132.726,114.638,121.804,47.743,105.446,110.154,-161.263,-144.845,inputs/substrate_super_af2_bu2_model.pdb,inputs/super_af2_bu2.pdb,acyl,inputs/super_af2_bu2_substrate.csv,29,super_af2_mu2
3.158,2.682,2.745,5.897,2.796,5.546,2.505,105.823,87.224,102.716,139.899,-69.853,-63.828,-173.982,-170.483,0.165,1.49,0.209,3.975,1.13,0.56,0.62,0.42,0.08,1.18,3.97,True,True,False,True,False,True,True,1.233642578125,0.9332720041275024,5.806546688079834,1.370615839958191,4.279477596282959,0.5444443821907043,0.645555853843689,85.173,112.028,77.849,98.884,106.237,135.234,48.815,124.444,134.168,133.585,-28.518,28.401,105.358,116.055,-167.154,-144.821,inputs/substrate_super_af2_bu2_model.pdb,inputs/super_af2_bu2.pdb,acyl,inputs/super_af2_bu2_substrate.csv,30,super_af2_mu2
3.103,2.647,2.802,8.858,2.818,6.64,2.603,107.907,86.442,102.935,137.754,-69.034,-63.828,-172.131,-166.286,0.113,1.488,0.197,6.243,0.99,0.54,0.68,0.42,0.08,1.16,5.55,True,True,False,True,False,True,True,1.307445764541626,0.9347280263900756,3.788268804550171,1.4113543033599854,4.766115665435791,0.5211110711097717,0.6026018261909485,27.861,111.124,82.05,98.563,128.926,136.562,50.325,123.493,155.149,125.476,-80.661,41.634,108.635,113.271,-164.229,-147.787,inputs/substrate_super_af2_bu2_model.pdb,inputs/super_af2_bu2.pdb,acyl,inputs/super_af2_bu2_substrate.csv,31,super_af2_mu2
2.959,2.693,2.778,4.259,2.757,3.675,2.423,108.081,94.743,101.177,144.423,-68.083,-63.828,-174.073,-178.981,0.123,1.516,0.159,1.947,1.03,0.54,0.6,0.46,0.08,1.19,3.08,True,True,False,True,False,True,True,1.4047887325286863,0.917318880558014,6.350835800170898,1.2675654888153076,4.1770339012146,0.5755555629730225,0.6612531542778015,160.315,111.669,90.591,98.915,119.994,139.154,99.472,123.771,118.134,129.867,-34.491,-2.338,104.743,115.314,-169.204,-142.551,inputs/substrate_super_af2_bu2_model.pdb,inputs/super_af2_bu2.pdb,acyl,inputs/super_af2_bu2_substrate.csv,32,super_af2_mu2
3.125,2.701,2.803,9.648,2.734,8.351,2.396,109.589,86.989,103.598,136.707,-67.219,-63.828,-170.683,-164.701,0.117,1.482,0.184,7.286,1.07,0.65,0.88,0.43,0.08,1.08,4.38,True,True,False,True,False,True,True,1.2224392890930176,0.9309334754943848,4.592988014221191,0.8989436626434326,3.678070783615112,0.8077777624130249,0.7459568977355957,66.878,111.368,76.434,99.857,125.043,136.117,45.412,127.777,133.84,139.098,-76.705,8.91,105.72,117.358,-164.403,-145.795,inputs/substrate_super_af2_bu2_model.pdb,inputs/super_af2_bu2.pdb,acyl,inputs/super_af2_bu2_substrate.csv,33,super_af2_mu2
3.012,2.707,2.751,5.983,2.733,5.314,2.512,107.975,94.966,101.301,142.932,-67.119,-63.828,-172.515,-170.293,0.119,1.502,0.187,3.864,1.2,0.53,0.57,0.42,0.08,1.18,6.03,True,True,False,True,False,True,True,1.2383267879486084,0.9338459372520448,5.674341201782227,1.5018230676651,5.298545837402344,0.507777750492096,0.6206113696098328,75.575,112.142,81.625,98.221,115.596,140.607,34.281,124.091,128.83,133.336,-41.624,15.846,106.4,113.493,-166.295,-147.426,inputs/substrate_super_af2_bu2_model.pdb,inputs/super_af2_bu2.pdb,acyl,inputs/super_af2_bu2_substrate.csv,34,super_af2_mu2
3.213,2.698,2.781,5.657,2.789,4.555,2.505,108.311,84.103,102.92,134.314,-68.595,-63.828,-170.96,-159.746,0.166,1.479,0.309,3.344,1.12,0.68,0.86,0.42,0.08,0.96,5.72,True,True,False,True,False,True,True,1.1943236589431765,0.9402628540992736,3.233160972595215,1.1466593742370603,4.528461933135986,0.5433333516120911,0.6205474138259888,135.646,112.248,82.458,98.0,114.183,133.833,90.604,124.527,146.758,129.966,-25.233,42.828,102.518,120.416,-159.894,-141.615,inputs/substrate_super_af2_bu2_model.pdb,inputs/super_af2_bu2.pdb,acyl,inputs/super_af2_bu2_substrate.csv,35,super_af2_mu2
3.199,2.703,2.922,8.169,2.835,6.489,2.376,107.97,88.592,104.031,136.926,-68.688,-63.828,-172.317,-165.609,0.063,1.459,0.327,5.578,1.13,1.17,1.43,0.4,0.08,1.2,6.15,True,True,False,True,False,True,True,1.2369459867477417,0.9410840272903442,3.661964178085327,1.4590367078781128,4.713996887207031,0.5266666412353516,0.6252540349960327,17.362,111.739,77.55,96.846,133.559,136.665,44.411,126.752,138.228,138.042,-87.432,4.528,98.952,121.839,-161.456,-139.336,inputs/substrate_super_af2_bu2_model.pdb,inputs/super_af2_bu2.pdb,acyl,inputs/super_af2_bu2_substrate.csv,36,super_af2_mu2
3.114,2.754,2.823,3.199,2.807,3.751,3.729,108.163,89.122,101.731,140.565,-70.575,-63.828,-173.179,-166.141,0.15,1.499,0.17,0.695,1.19,0.5,0.6,0.4,0.08,1.06,3.19,True,True,False,True,False,False,True,1.291738748550415,0.9371872544288636,3.7567193508148193,0.916651725769043,4.161922931671143,0.6800000071525574,0.6072835922241211,165.058,111.356,97.326,98.86,146.781,135.801,77.379,126.178,81.408,81.17,70.094,59.322,103.67,115.155,-163.222,-145.021,inputs/substrate_super_af2_bu2_model.pdb,inputs/super_af2_bu2.pdb,acyl,inputs/super_af2_bu2_substrate.csv,37,super_af2_mu2
3.103,2.659,2.793,5.545,2.801,5.506,2.573,105.926,88.966,103.376,140.315,-69.249,-63.828,-175.818,-172.565,0.115,1.483,0.22,3.984,1.18,0.55,0.66,0.46,0.08,1.25,3.3,True,True,False,True,False,True,True,1.2972267866134644,0.9319030046463012,5.717306613922119,1.2395118474960327,4.360744476318359,0.5577777624130249,0.6428079605102539,135.195,111.732,82.276,97.765,95.282,135.503,92.109,123.493,122.516,130.153,-20.117,31.873,104.508,116.871,-164.823,-144.219,inputs/substrate_super_af2_bu2_model.pdb,inputs/super_af2_bu2.pdb,acyl,inputs/super_af2_bu2_substrate.csv,38,super_af2_mu2
3.091,2.699,2.809,7.003,2.778,5.837,2.351,108.812,86.495,102.215,137.852,-67.957,-63.828,-171.707,-164.698,0.149,1.496,0.192,4.723,0.91,0.58,0.71,0.42,0.08,1.14,5.28,True,True,False,True,False,True,True,1.2680710554122925,0.9420405626296996,3.883373498916626,1.3720210790634155,4.764360427856445,0.5255554914474487,0.5778207778930664,13.107,110.848,87.26,99.865,110.793,135.56,41.477,126.969,118.05,138.121,-55.979,5.648,104.599,115.263,-162.476,-143.077,inputs/substrate_super_af2_bu2_model.pdb,inputs/super_af2_bu2.pdb,acyl,inputs/super_af2_bu2_substrate.csv,39,super_af2_mu2
3.032,2.692,2.767,5.745,2.739,3.11,3.705,109.65,92.816,102.509,140.814,-69.202,-63.828,-171.963,-167.869,0.106,1.498,0.256,3.229,1.38,0.71,0.84,0.56,0.08,1.11,2.68,True,True,False,True,True,False,True,1.5552533864974976,0.9062395691871644,6.873714923858643,0.9353885054588318,3.655975818634033,0.6800000071525574,0.6763342618942261,56.915,111.829,100.58,97.238,121.548,138.536,122.754,125.423,138.166,82.756,47.241,54.166,100.248,123.303,-164.393,-139.222,inputs/substrate_super_af2_bu2_model.pdb,inputs/super_af2_bu2.pdb,acyl,inputs/super_af2_bu2_substrate.csv,40,super_af2_mu2
3.069,2.675,2.764,5.52,2.796,4.348,3.074,108.046,89.316,100.766,141.758,-67.073,-63.828,-172.89,-162.369,0.177,1.497,0.319,3.476,1.39,0.58,0.63,0.43,0.08,1.23,5.29,True,True,False,True,False,False,True,1.2121931314468384,0.9425663948059082,3.896907329559326,1.4021337032318115,4.16400146484375,0.6455555558204651,0.6937921047210693,15.188,111.476,88.03,99.867,164.718,134.96,51.465,121.773,119.391,103.544,107.795,53.449,100.163,121.702,-161.483,-140.162,inputs/substrate_super_af2_bu2_model.pdb,inputs/super_af2_bu2.pdb,acyl,inputs/super_af2_bu2_substrate.csv,41,super_af2_mu2
3.026,2.678,2.787,3.0,2.763,3.811,3.944,106.092,93.151,101.45,142.33,-68.656,-63.828,-175.028,-168.922,0.093,1.494,0.202,0.937,1.23,0.54,0.65,0.39,0.08,0.95,3.11,True,True,True,True,False,False,True,1.1017167568206787,0.949346959590912,2.929837942123413,1.0632281303405762,3.4555954933166504,0.7455555200576782,0.658996045589447,156.243,111.958,103.079,96.499,154.3,137.168,85.358,126.856,70.354,77.857,74.164,62.191,102.266,120.135,-164.829,-145.548,inputs/substrate_super_af2_bu2_model.pdb,inputs/super_af2_bu2.pdb,acyl,inputs/super_af2_bu2_substrate.csv,42,super_af2_mu2
3.034,2.705,2.83,3.622,2.785,3.451,3.621,108.694,91.739,101.185,143.226,-70.739,-63.828,-173.589,-169.444,0.108,1.5,0.102,1.094,1.34,0.67,0.8,0.59,0.08,1.23,3.18,True,True,False,True,False,False,True,1.570580005645752,0.9074149131774902,7.305551052093506,0.6741786003112793,3.609041690826416,0.6733333468437195,0.6904959082603455,142.669,112.28,95.735,98.185,125.069,137.652,69.438,124.261,99.517,83.371,47.055,54.056,104.67,115.387,-163.758,-143.401,inputs/substrate_super_af2_bu2_model.pdb,inputs/super_af2_bu2.pdb,acyl,inputs/super_af2_bu2_substrate.csv,43,super_af2_mu2
3.003,2.637,2.786,9.582,2.76,6.758,2.71,106.678,90.525,100.12,142.532,-68.683,-63.828,-173.618,-166.463,0.094,1.507,0.211,6.896,0.97,0.46,0.52,0.42,0.08,1.1,5.8,True,True,False,True,False,True,True,1.3195213079452517,0.9274776577949524,5.128615379333496,1.2997361421585083,4.93670654296875,0.5311110615730286,0.6140209436416626,71.985,112.591,88.306,97.866,130.464,136.452,98.528,121.868,148.068,123.303,-93.511,42.291,106.271,113.055,-164.374,-147.053,inputs/substrate_super_af2_bu2_model.pdb,inputs/super_af2_bu2.pdb,acyl,inputs/super_af2_bu2_substrate.csv,44,super_af2_mu2
3.097,2.626,2.818,10.743,2.758,8.546,2.346,107.377,86.858,103.921,136.365,-68.636,-63.828,-172.027,-167.411,0.104,1.484,0.19,8.104,0.96,0.58,0.66,0.41,0.08,1.23,6.08,True,True,False,True,False,True,True,1.3073790073394775,0.925881326198578,5.320254802703857,0.9980946183204652,4.7661542892456055,0.5844443440437317,0.632343053817749,37.455,111.488,83.279,97.227,132.23,136.547,54.329,124.3,121.618,131.974,-90.854,1.829,105.971,117.282,-165.079,-144.866,inputs/substrate_super_af2_bu2_model.pdb,inputs/super_af2_bu2.pdb,acyl,inputs/super_af2_bu2_substrate.csv,45,super_af2_mu2
3.067,2.795,2.808,4.442,2.764,3.096,2.569,107.626,95.203,101.549,143.618,-66.685,-63.828,-173.52,-169.167,0.097,1.507,0.136,2.654,1.27,0.66,0.75,0.52,0.08,1.12,5.4,True,True,False,True,False,True,True,1.2681885957717896,0.931760311126709,2.3373324871063232,1.097314953804016,4.431964874267578,0.5344443917274475,0.6644671559333801,105.844,110.787,91.55,99.078,170.111,136.659,128.232,122.231,152.438,129.503,108.938,20.683,100.631,118.069,-163.826,-139.888,inputs/substrate_super_af2_bu2_model.pdb,inputs/super_af2_bu2.pdb,acyl,inputs/super_af2_bu2_substrate.csv,46,super_af2_mu2
3.061,2.649,2.777,7.893,2.78,6.173,2.461,110.296,88.853,102.297,137.771,-68.841,-63.828,-170.797,-164.473,0.085,1.491,0.315,5.43,0.86,0.56,0.64,0.4,0.08,1.1,5.25,True,True,False,True,False,True,True,1.2768152952194214,0.9345619678497314,4.220447540283203,1.6254003047943115,4.580962657928467,0.542222261428833,0.5549553036689758,68.953,112.019,80.05,97.204,123.945,138.565,62.025,124.35,145.09,131.767,-63.594,34.913,103.588,119.253,-161.226,-143.051,inputs/substrate_super_af2_bu2_model.pdb,inputs/super_af2_bu2.pdb,acyl,inputs/super_af2_bu2_substrate.csv,47,super_af2_mu2
2.995,2.65,2.851,5.808,2.703,4.26,2.62,110.027,90.667,102.227,139.136,-68.464,-63.828,-171.335,-165.052,0.123,1.479,0.328,3.315,0.98,0.79,1.07,0.42,0.08,1.02,5.69,True,True,False,True,False,True,True,1.0470387935638428,0.954809844493866,2.926701784133911,1.1917130947113037,4.663671493530273,0.550000011920929,0.6179729104042053,136.839,112.091,81.288,98.167,139.647,139.215,118.622,122.806,171.347,126.986,-34.373,39.548,100.606,121.353,-161.214,-140.236,inputs/substrate_super_af2_bu2_model.pdb,inputs/super_af2_bu2.pdb,acyl,inputs/super_af2_bu2_substrate.csv,48,super_af2_mu2
3.01,2.673,2.794,10.02,2.81,8.376,2.37,111.517,87.412,101.188,139.33,-66.77,-63.828,-170.725,-164.632,0.163,1.5,0.207,7.465,1.01,0.65,0.85,0.45,0.08,1.1,4.99,True,True,False,True,False,True,True,1.2309540510177612,0.9329215288162231,4.522379398345947,1.0034031867980957,4.288013935089111,0.6044443845748901,0.6720749139785767,41.983,110.229,83.746,101.083,125.375,137.292,45.668,125.832,115.957,131.516,-80.014,-8.612,106.665,115.445,-163.4,-145.575,inputs/substrate_super_af2_bu2_model.pdb,inputs/super_af2_bu2.pdb,acyl,inputs/super_af2_bu2_substrate.csv,49,super_af2_mu2
