serhis_hbdist,hislg_hbdist_toreflig,hisacid_hbdist,hislg_hbdist,oxh1_hbdist,oxh1_hbdist_toreflig,oxh2_hbdist,oxh2_hbdist_toreflig,serhis_angleA,serhis_angleB,hislg_angleB_toreflig,hislg_angleA_toreflig,hislg_angleB,hislg_angleA,ser_chi,ser_chi_ref,serhis_dihedralB,hislg_dihedralA_toreflig,hislg_dihedralA,hislg_dihedralA_ref,ser_sc_rmsd_toref,his_sc_rmsd_toref,acid_sc_rmsd_toref,tet2_geom_rmsd_toreflig,oxyanion_rmsd_toreflig,serOG_unc,hisNE2_unc,hisND1_unc,acidOXY_unc,oxh1DON_unc,oxh2DON_unc,acylMe_unc,oxyan_unc,is_hbond_ser-his,is_hbond_his-lgref,is_hbond_oxh1-ox,is_hbond_oxh1-oxref,is_hbond_oxh2-ox,is_hbond_oxh2-oxref,is_hbond_his-asp,is_hbond_his-lg,fape,lddt,rmsd,kabsch,prmsd,plddt,plddt_pde,oxh1_angleA,oxh1_angleA_toreflig,oxh1_angleB,oxh1_angleB_toreflig,oxh1_dihedralB,oxh1_dihedralB_toreflig,oxh2_angleA,oxh2_angleA_toreflig,oxh2_angleB,oxh2_angleB_toreflig,oxh2_dihedralB,oxh2_dihedralB_toreflig,hisacid_angleA,hisacid_angleB,hisacid_dihedralA,hisacid_dihedralB,pdb,ref,step,csv,i,label
3.242,2.769,2.79,2.653,3.026,2.811,2.941,3.1,107.852,90.016,102.816,136.606,111.104,136.616,-58.712,-63.828,-170.273,-162.319,-169.213,-169.213,0.077,1.489,0.172,0.793,0.452,0.46,0.52,0.58,0.42,0.08,0.95,0.76,1.85,True,True,True,True,True,True,True,True,0.970935583114624,0.9611477851867676,0.6214423179626465,0.616487979888916,0.8173320293426514,0.9824267029762268,0.9492874145507812,99.419,111.213,102.581,100.374,126.922,134.579,85.459,121.059,104.428,101.373,41.218,48.84,107.323,112.606,-161.524,-145.56,inputs/tet2_super_af2_bu2_model.pdb,inputs/super_af2_bu2.pdb,tet2,inputs/super_af2_bu2_tet2.csv,0,super_af2_bu2
3.152,2.677,2.853,2.667,3.044,2.738,2.735,2.988,104.838,92.065,104.649,137.986,114.779,135.369,-62.567,-63.828,-174.384,-172.435,176.392,176.392,0.088,1.478,0.251,1.098,0.595,0.48,0.91,1.07,0.43,0.07,1.05,0.95,1.98,True,True,True,True,True,False,True,True,1.071951150894165,0.9580750465393066,0.6811383366584778,0.6762865781784058,0.8486758470535278,0.9754043817520142,0.9436486959457396,99.181,111.679,101.817,97.926,127.44,136.949,85.781,121.184,108.678,105.199,40.345,51.056,102.792,117.486,-164.383,-139.571,inputs/tet2_super_af2_bu2_model.pdb,inputs/super_af2_bu2.pdb,tet2,inputs/super_af2_bu2_tet2.csv,1,super_af2_bu2
3.159,2.791,2.84,2.736,3.102,2.75,2.665,2.694,105.988,96.224,102.58,139.994,106.391,141.406,-59.465,-63.828,-173.36,-167.295,-164.633,-164.633,0.108,1.496,0.224,1.636,0.641,0.55,0.69,0.83,0.44,0.08,1.41,1.03,2.2,True,True,True,True,False,True,True,True,1.250077724456787,0.945701777935028,0.8451858758926392,0.8337001204490662,0.8232036828994751,0.9806023836135864,0.9449803829193116,104.435,111.662,99.447,97.912,125.281,135.815,76.061,121.408,121.939,120.984,21.606,37.666,102.049,115.829,-162.333,-143.326,inputs/tet2_super_af2_bu2_model.pdb,inputs/super_af2_bu2.pdb,tet2,inputs/super_af2_bu2_tet2.csv,2,super_af2_bu2
3.105,2.689,2.8,2.564,2.866,2.779,2.589,2.654,107.905,90.9,103.371,139.38,114.301,135.808,-63.435,-63.828,-173.715,-170.247,177.21,177.21,0.063,1.478,0.238,1.239,0.326,0.54,0.84,0.96,0.44,0.08,1.29,1.13,2.27,True,True,True,True,True,True,True,True,1.102280855178833,0.9566655158996582,0.6871733069419861,0.6825051307678223,0.8891398310661316,0.9707573056221008,0.9398165941238404,104.996,111.32,102.66,99.753,131.203,136.997,81.104,123.675,123.429,126.054,23.321,31.204,102.726,119.379,-163.989,-142.406,inputs/tet2_super_af2_bu2_model.pdb,inputs/super_af2_bu2.pdb,tet2,inputs/super_af2_bu2_tet2.csv,3,super_af2_bu2
3.126,2.759,2.838,2.71,2.828,2.79,2.857,2.95,106.342,89.367,102.12,139.761,114.026,130.256,-63.062,-63.828,-172.922,-162.731,168.563,168.563,0.199,1.49,0.158,1.044,0.115,0.51,0.56,0.62,0.43,0.08,0.95,0.87,1.97,True,True,True,True,True,True,True,True,1.0594897270202637,0.9588273167610168,0.6631205677986145,0.6543800234794617,0.8440788388252258,0.9776075482368468,0.944581151008606,96.856,110.189,103.942,101.941,132.001,132.972,92.394,119.916,106.784,107.344,45.577,46.861,106.786,110.639,-161.846,-146.605,inputs/tet2_super_af2_bu2_model.pdb,inputs/super_af2_bu2.pdb,tet2,inputs/super_af2_bu2_tet2.csv,4,super_af2_bu2
3.131,2.761,2.744,2.5,2.988,2.763,2.611,2.545,107.145,95.165,101.33,138.991,118.422,136.302,-60.075,-63.828,-170.146,-161.187,-157.374,-157.374,0.108,1.502,0.123,2.628,0.581,0.6,0.65,0.71,0.41,0.07,1.29,1.13,2.26,True,True,True,True,False,True,True,True,1.023595929145813,0.9609208106994628,0.6826193332672119,0.6800668835639954,0.8618532419204712,0.9741652011871338,0.9445928931236268,111.264,111.663,99.683,97.495,126.673,137.257,75.431,124.25,125.667,131.278,6.551,21.351,108.397,114.162,-161.681,-147.966,inputs/tet2_super_af2_bu2_model.pdb,inputs/super_af2_bu2.pdb,tet2,inputs/super_af2_bu2_tet2.csv,5,super_af2_bu2
3.13,2.706,2.793,2.734,3.144,2.775,3.199,3.521,105.294,94.137,103.058,138.209,114.466,137.688,-58.71,-63.828,-172.061,-166.616,-171.012,-171.012,0.117,1.49,0.175,0.968,0.819,0.37,0.45,0.5,0.42,0.07,0.92,0.62,1.47,True,True,True,True,True,False,True,True,1.1187130212783811,0.9526646733283995,0.6921887397766113,0.6878750324249268,0.8253948092460632,0.9792942404747008,0.9494462013244628,95.919,111.603,102.284,97.98,123.086,136.856,86.331,124.531,96.087,89.571,42.835,53.962,107.436,114.446,-163.972,-146.856,inputs/tet2_super_af2_bu2_model.pdb,inputs/super_af2_bu2.pdb,tet2,inputs/super_af2_bu2_tet2.csv,6,super_af2_bu2
3.098,2.711,2.779,2.783,2.972,2.776,2.486,2.518,109.465,93.438,102.879,138.446,96.458,137.249,-59.892,-63.828,-170.153,-168.368,-152.712,-152.712,0.132,1.485,0.411,2.833,0.271,0.62,1.6,1.45,0.42,0.07,1.23,1.21,2.52,True,True,True,True,True,True,True,True,1.0377975702285769,0.9602225422859192,0.7028245329856873,0.7001312971115112,0.8671712875366211,0.9723406434059144,0.9441896677017212,125.798,111.248,99.829,98.747,134.466,138.081,83.53,123.809,128.991,130.521,0.665,8.431,98.525,120.559,-161.061,-135.618,inputs/tet2_super_af2_bu2_model.pdb,inputs/super_af2_bu2.pdb,tet2,inputs/super_af2_bu2_tet2.csv,7,super_af2_bu2
3.184,2.82,2.812,2.787,3.085,2.746,2.719,2.426,108.501,98.239,101.776,140.184,97.882,136.509,-59.572,-63.828,-169.779,-163.853,-142.253,-142.253,0.167,1.492,0.226,3.061,0.556,0.64,0.83,1.03,0.41,0.07,1.18,1.12,2.48,True,True,True,True,True,True,True,True,1.0719056129455566,0.956064760684967,0.7251933813095093,0.7223269939422607,0.8552727699279785,0.973786473274231,0.9461266994476318,125.808,112.596,95.254,96.639,129.262,137.885,81.873,126.382,119.963,127.659,-25.397,-16.666,99.442,117.549,-159.583,-139.599,inputs/tet2_super_af2_bu2_model.pdb,inputs/super_af2_bu2.pdb,tet2,inputs/super_af2_bu2_tet2.csv,8,super_af2_bu2
3.126,2.74,2.733,4.865,4.392,2.696,3.273,2.506,111.438,92.658,103.104,134.244,8.205,114.975,-60.764,-63.828,-167.226,-159.941,-167.501,-167.501,0.2,1.481,0.195,3.729,2.092,0.59,0.72,0.79,0.42,0.08,1.13,1.12,2.49,True,True,False,True,False,True,True,False,1.0425121784210205,0.9572707414627076,0.722344696521759,0.7169467210769653,0.843488872051239,0.9759895205497742,0.9490060806274414,79.289,112.941,83.291,97.56,154.998,140.198,95.36,123.942,159.127,128.86,-50.787,-1.991,109.468,113.929,-161.549,-148.671,inputs/tet2_super_af2_bu2_model.pdb,inputs/super_af2_bu2.pdb,tet2,inputs/super_af2_bu2_tet2.csv,9,super_af2_bu2
3.028,2.799,2.827,4.783,4.352,2.748,3.284,2.506,111.472,95.726,100.476,139.552,8.96,118.854,-61.103,-63.828,-167.302,-154.828,-167.071,-167.071,0.146,1.48,0.246,3.65,2.159,0.63,0.94,1.14,0.42,0.07,1.11,1.14,2.57,True,True,False,True,False,True,True,False,0.9034832119941713,0.9614607691764832,0.6647495031356812,0.6623485684394836,0.8472642302513123,0.9789500832557678,0.9490763545036316,76.449,109.904,84.335,99.776,156.09,137.482,94.298,124.02,158.594,126.016,-55.347,-9.618,98.654,118.553,-155.649,-139.991,inputs/tet2_super_af2_bu2_model.pdb,inputs/super_af2_bu2.pdb,tet2,inputs/super_af2_bu2_tet2.csv,10,super_af2_bu2
3.186,3.453,4.909,3.385,2.91,2.777,2.506,2.442,104.893,78.474,93.71,38.273,91.075,40.276,-63.234,-63.828,172.75,166.421,159.346,159.346,0.104,0.276,0.364,2.629,0.191,0.82,4.29,2.34,0.46,0.08,1.04,1.49,2.64,True,False,True,True,True,True,False,False,1.0006625652313232,0.9594574570655824,0.7138122320175171,0.7069557309150696,0.8959387540817261,0.9695868492126464,0.941540002822876,125.222,110.946,97.624,99.02,134.514,136.919,93.606,124.689,133.95,133.201,6.924,12.578,68.602,124.435,13.611,-148.574,inputs/tet2_super_af2_bu2_model.pdb,inputs/super_af2_bu2.pdb,tet2,inputs/super_af2_bu2_tet2.csv,11,super_af2_bu2
3.213,2.719,2.804,2.658,2.797,2.787,2.775,2.642,105.172,84.542,102.917,138.333,113.051,113.737,-69.072,-63.828,-174.575,-165.989,151.066,151.066,0.276,1.491,0.13,1.329,0.634,0.63,0.67,0.75,0.43,0.08,0.98,1.32,2.69,True,True,True,True,False,True,True,True,1.0328251123428345,0.9607416987419128,0.6366646885871887,0.6300157904624939,0.8678441643714905,0.9737176895141602,0.9394504427909852,99.268,111.172,96.896,101.162,145.136,132.661,110.158,121.804,123.404,121.975,58.987,43.444,107.248,112.914,-163.041,-144.827,inputs/tet2_super_af2_bu2_model.pdb,inputs/super_af2_bu2.pdb,tet2,inputs/super_af2_bu2_tet2.csv,12,super_af2_bu2
3.085,2.674,2.804,4.867,4.349,2.739,3.099,2.505,109.384,92.99,101.58,138.229,7.736,116.661,-61.078,-63.828,-169.677,-159.732,-170.341,-170.341,0.102,1.473,0.442,3.713,2.068,0.68,1.31,1.39,0.42,0.08,1.13,1.25,2.67,True,True,False,True,False,True,True,False,0.9821300506591796,0.95917010307312,0.7045512795448303,0.6976501941680908,0.8587967157363892,0.9750946164131165,0.9452383518218994,81.195,112.609,85.469,97.752,155.584,137.675,97.322,123.46,170.093,130.499,-28.132,6.549,97.658,122.78,-155.01,-135.149,inputs/tet2_super_af2_bu2_model.pdb,inputs/super_af2_bu2.pdb,tet2,inputs/super_af2_bu2_tet2.csv,13,super_af2_bu2
3.13,2.801,2.769,4.999,4.378,2.774,3.338,2.481,113.704,92.521,102.265,135.417,9.263,115.593,-64.838,-63.828,-166.585,-155.769,-166.248,-166.248,0.141,1.485,0.234,3.614,2.194,0.57,0.77,0.91,0.4,0.07,1.08,1.14,2.41,True,True,False,True,False,True,True,False,1.0732039213180542,0.9584813714027404,0.7000327110290527,0.6956728100776672,0.8434048295021057,0.9793975353240968,0.9467395544052124,79.855,111.984,81.426,97.159,158.182,138.95,90.599,122.472,170.202,129.456,26.408,12.816,101.288,119.947,-155.422,-139.393,inputs/tet2_super_af2_bu2_model.pdb,inputs/super_af2_bu2.pdb,tet2,inputs/super_af2_bu2_tet2.csv,14,super_af2_bu2
3.132,2.717,2.797,2.723,3.127,2.797,3.229,3.539,107.377,93.882,102.911,138.865,110.127,139.568,-58.901,-63.828,-171.186,-167.732,-167.638,-167.638,0.103,1.494,0.322,0.943,0.793,0.34,0.51,0.57,0.4,0.07,0.97,0.56,1.38,True,True,True,True,True,True,True,True,1.0536582469940186,0.9567295908927916,0.6391842365264893,0.6363530158996582,0.8296869397163391,0.9785369634628296,0.9492077827453612,98.036,111.031,103.103,99.043,123.622,137.287,86.678,123.546,92.402,86.482,38.779,49.688,101.248,120.982,-161.588,-138.955,inputs/tet2_super_af2_bu2_model.pdb,inputs/super_af2_bu2.pdb,tet2,inputs/super_af2_bu2_tet2.csv,15,super_af2_bu2
2.994,2.712,2.859,2.653,2.92,2.73,2.626,2.885,108.659,94.652,102.327,141.389,109.437,140.984,-62.9,-63.828,-173.303,-167.547,-177.965,-177.965,0.133,1.489,0.291,0.865,0.491,0.43,0.73,0.91,0.44,0.08,1.03,0.81,1.79,True,True,True,True,True,True,True,True,1.0761908292770386,0.9534974098205566,0.6665641069412231,0.6627800464630127,0.8783202767372131,0.9751635193824768,0.9352241158485411,102.472,110.252,106.074,100.246,130.489,137.806,85.004,122.396,112.637,113.482,33.633,43.04,99.069,122.23,-161.323,-138.949,inputs/tet2_super_af2_bu2_model.pdb,inputs/super_af2_bu2.pdb,tet2,inputs/super_af2_bu2_tet2.csv,16,super_af2_bu2
3.168,2.657,2.818,2.789,3.131,2.79,3.125,3.521,104.612,94.374,102.207,138.581,105.594,140.202,-59.505,-63.828,-171.279,-165.964,-161.822,-161.822,0.147,1.49,0.177,0.961,0.74,0.36,0.47,0.54,0.41,0.08,0.86,0.64,1.59,True,True,True,True,True,False,True,True,0.9830527901649476,0.9568792581558228,0.6506398320198059,0.6457034945487976,0.8151024580001831,0.98163503408432,0.9498568177223206,99.325,112.503,101.797,96.145,125.813,137.401,87.87,123.553,89.737,84.8,44.452,54.091,108.696,109.986,-163.454,-147.026,inputs/tet2_super_af2_bu2_model.pdb,inputs/super_af2_bu2.pdb,tet2,inputs/super_af2_bu2_tet2.csv,17,super_af2_bu2
3.128,2.752,2.793,2.67,2.902,2.742,2.544,2.44,107.781,95.126,101.497,139.992,102.573,140.323,-61.186,-63.828,-170.24,-165.733,-155.785,-155.785,0.118,1.497,0.426,2.434,0.306,0.65,0.75,0.9,0.42,0.07,1.35,1.22,2.59,True,True,True,True,False,True,True,True,0.9884054064750672,0.959657609462738,0.6767262816429138,0.6724249720573425,0.8523297309875488,0.9754732847213744,0.9462316632270812,119.78,112.353,97.137,97.713,133.161,138.464,74.52,124.915,130.623,133.343,-1.959,6.161,98.117,122.701,-159.448,-135.674,inputs/tet2_super_af2_bu2_model.pdb,inputs/super_af2_bu2.pdb,tet2,inputs/super_af2_bu2_tet2.csv,18,super_af2_bu2
3.194,2.691,2.838,2.709,2.793,2.783,2.758,2.803,106.827,87.689,103.408,138.034,112.174,129.103,-64.679,-63.828,-173.146,-163.834,166.399,166.399,0.161,1.472,0.217,1.057,0.051,0.55,0.65,0.77,0.43,0.08,1.0,1.07,2.28,True,True,True,True,True,True,True,True,1.104913592338562,0.9572870135307312,0.6884979009628296,0.6833919286727905,0.8469677567481995,0.976609230041504,0.9441958665847778,99.818,110.866,100.94,100.039,133.646,133.148,91.344,121.153,112.621,112.962,47.092,46.706,103.572,117.137,-162.265,-144.825,inputs/tet2_super_af2_bu2_model.pdb,inputs/super_af2_bu2.pdb,tet2,inputs/super_af2_bu2_tet2.csv,19,super_af2_bu2
3.149,2.767,2.81,4.844,4.498,2.724,3.415,2.432,111.377,92.142,102.601,136.039,8.684,117.122,-60.412,-63.828,-166.856,-157.057,-164.724,-164.724,0.131,1.473,0.393,3.756,2.235,0.64,0.87,1.07,0.4,0.08,1.14,1.12,2.63,True,True,False,True,False,True,True,False,0.9993711709976196,0.9577609300613404,0.7079302072525024,0.7068517208099365,0.8569995164871216,0.9771255850791932,0.9475435018539428,73.478,111.56,82.729,99.834,153.931,139.426,95.132,124.116,152.821,126.634,-61.938,-10.162,97.429,124.617,-156.229,-138.474,inputs/tet2_super_af2_bu2_model.pdb,inputs/super_af2_bu2.pdb,tet2,inputs/super_af2_bu2_tet2.csv,20,super_af2_bu2
3.068,2.746,2.802,4.9,4.341,2.727,3.247,2.496,109.33,92.214,101.78,138.915,11.38,116.81,-64.792,-63.828,-170.229,-161.114,-171.279,-171.279,0.094,1.486,0.252,3.586,2.246,0.65,0.8,0.93,0.41,0.08,1.17,1.16,2.68,True,True,False,True,False,True,True,False,1.1986539363861084,0.9503183960914612,0.8270844221115112,0.8232555389404297,0.8544914126396179,0.9746127128601074,0.9489158391952516,77.159,111.223,83.407,98.453,158.416,136.855,88.766,122.581,171.849,128.604,29.066,12.268,102.291,116.638,-159.842,-142.226,inputs/tet2_super_af2_bu2_model.pdb,inputs/super_af2_bu2.pdb,tet2,inputs/super_af2_bu2_tet2.csv,21,super_af2_bu2
3.118,2.698,2.824,2.855,2.997,2.724,2.786,2.953,104.296,95.105,101.796,140.728,101.511,141.979,-60.844,-63.828,-173.761,-167.745,-173.851,-173.851,0.11,1.495,0.193,1.116,0.413,0.53,0.63,0.73,0.42,0.08,1.14,1.07,2.27,True,True,True,True,True,False,True,True,0.9320816397666932,0.9624719619750975,0.6428729295730591,0.6386050581932068,0.8429366946220398,0.97736656665802,0.9458370208740234,107.875,112.457,99.196,97.423,130.971,136.999,85.349,122.836,114.015,109.885,43.958,50.778,104.845,115.529,-162.696,-143.599,inputs/tet2_super_af2_bu2_model.pdb,inputs/super_af2_bu2.pdb,tet2,inputs/super_af2_bu2_tet2.csv,22,super_af2_bu2
3.204,2.766,2.763,2.707,3.047,2.756,2.451,2.401,106.61,96.075,102.963,137.293,101.742,134.561,-58.953,-63.828,-168.885,-164.399,-142.987,-142.987,0.207,1.487,0.206,3.139,0.424,0.64,0.72,0.85,0.42,0.07,1.29,1.17,2.52,True,True,True,True,False,True,True,True,0.9467890858650208,0.961268186569214,0.6751430034637451,0.6716929078102112,0.8491455316543579,0.97426837682724,0.9450409412384032,130.001,111.775,96.359,96.003,132.639,138.754,78.413,124.65,130.377,133.168,-5.654,7.168,104.803,114.815,-162.958,-144.52,inputs/tet2_super_af2_bu2_model.pdb,inputs/super_af2_bu2.pdb,tet2,inputs/super_af2_bu2_tet2.csv,23,super_af2_bu2
3.059,2.736,2.821,2.8,2.972,2.759,2.74,2.488,108.34,98.769,101.415,142.556,97.015,138.181,-58.694,-63.828,-170.829,-166.447,-144.733,-144.733,0.188,1.491,0.206,2.699,0.502,0.59,0.89,1.0,0.45,0.07,1.3,1.08,2.35,True,True,True,True,False,True,True,True,1.0266444683074951,0.959524393081665,0.7231962084770203,0.7180904746055603,0.8478577136993408,0.9779173731803894,0.9479056000709534,119.304,110.803,98.059,98.609,130.456,139.644,78.76,125.281,118.241,126.197,-20.631,-14.378,104.067,115.244,-161.302,-145.482,inputs/tet2_super_af2_bu2_model.pdb,inputs/super_af2_bu2.pdb,tet2,inputs/super_af2_bu2_tet2.csv,24,super_af2_bu2
3.162,2.762,2.791,2.695,3.013,2.744,2.49,2.483,107.957,92.703,102.712,137.369,103.254,139.404,-62.586,-63.828,-170.858,-164.897,-164.648,-164.648,0.098,1.49,0.236,2.096,0.313,0.64,0.7,0.79,0.42,0.08,1.3,1.29,2.69,True,True,True,True,False,True,True,True,1.0144400596618652,0.9604607820510864,0.6631516218185425,0.6592147946357727,0.8629105687141418,0.9741652011871338,0.9464825987815856,113.987,111.932,96.917,97.161,133.197,136.392,79.293,124.554,132.593,132.226,-1.205,8.556,105.556,111.829,-161.765,-144.144,inputs/tet2_super_af2_bu2_model.pdb,inputs/super_af2_bu2.pdb,tet2,inputs/super_af2_bu2_tet2.csv,25,super_af2_bu2
3.108,2.781,2.835,4.786,4.321,2.793,3.474,2.493,110.221,93.612,102.064,140.218,15.573,119.578,-60.916,-63.828,-170.551,-163.665,-170.265,-170.265,0.086,1.482,0.232,3.494,2.253,0.64,1.36,1.36,0.44,0.08,1.14,1.18,2.5,True,True,False,True,False,True,True,False,1.0620015859603882,0.9570263624191284,0.7545639276504517,0.7485175728797913,0.8475584983825684,0.9777796268463136,0.9476112723350524,74.593,111.188,81.453,100.328,156.912,136.741,84.284,122.728,169.727,129.531,17.69,9.844,100.393,116.57,-159.546,-139.94,inputs/tet2_super_af2_bu2_model.pdb,inputs/super_af2_bu2.pdb,tet2,inputs/super_af2_bu2_tet2.csv,26,super_af2_bu2
3.074,2.789,2.783,4.814,4.347,2.735,3.192,2.473,110.796,93.964,102.027,137.823,14.062,118.17,-62.914,-63.828,-169.035,-159.046,-167.51,-167.51,0.125,1.483,0.186,3.6,2.179,0.62,1.0,1.14,0.42,0.08,1.17,1.23,2.62,True,True,False,True,False,True,True,False,0.9900489449501038,0.9586043953895568,0.6843335032463074,0.6810289025306702,0.8472964763641357,0.9785025715827942,0.9469434022903442,76.972,111.705,83.983,98.78,158.283,138.651,93.859,123.294,165.553,128.281,-50.162,-2.619,102.962,117.048,-158.224,-143.1,inputs/tet2_super_af2_bu2_model.pdb,inputs/super_af2_bu2.pdb,tet2,inputs/super_af2_bu2_tet2.csv,27,super_af2_bu2
3.183,2.764,2.779,2.747,3.068,2.734,2.574,2.411,106.899,98.168,101.273,139.422,99.485,135.079,-60.224,-63.828,-168.589,-161.422,-136.716,-136.716,0.232,1.494,0.214,2.99,0.563,0.59,0.68,0.79,0.41,0.07,1.27,1.03,2.25,True,True,True,True,False,True,True,True,1.0532970428466797,0.95585036277771,0.7741972804069519,0.7689446210861206,0.8446169495582581,0.9768157601356506,0.9485560655593872,125.552,113.491,96.135,95.218,131.486,140.473,78.71,125.511,121.65,129.732,-17.649,-6.007,103.991,115.836,-158.98,-143.164,inputs/tet2_super_af2_bu2_model.pdb,inputs/super_af2_bu2.pdb,tet2,inputs/super_af2_bu2_tet2.csv,28,super_af2_bu2
3.172,2.694,2.855,2.772,3.045,2.768,3.223,3.489,106.008,93.215,104.032,137.873,110.17,138.2,-58.944,-63.828,-172.34,-166.347,-172.557,-172.557,0.082,1.477,0.407,1.012,0.642,0.44,0.61,0.73,0.41,0.08,1.05,0.72,1.82,True,True,True,True,True,False,True,True,0.9559974074363708,0.9609637260437012,0.6338593363761902,0.6301987767219543,0.8350778818130493,0.9781583547592164,0.9467610120773317,98.013,111.512,102.295,98.914,126.144,137.282,88.611,123.246,90.977,86.081,47.842,56.572,98.562,123.614,-161.517,-138.096,inputs/tet2_super_af2_bu2_model.pdb,inputs/super_af2_bu2.pdb,tet2,inputs/super_af2_bu2_tet2.csv,29,super_af2_bu2
3.171,2.711,2.722,2.6,3.078,2.795,2.717,2.933,106.098,88.998,102.824,137.138,114.589,133.214,-60.26,-63.828,-173.969,-164.498,-169.873,-169.873,0.159,1.492,0.322,0.687,0.525,0.44,0.55,0.63,0.44,0.08,0.89,0.78,1.79,True,True,True,True,True,True,True,True,0.95266854763031,0.9617279171943665,0.6028428673744202,0.5980081558227539,0.8729432225227356,0.9764025807380676,0.935627579689026,100.263,111.349,103.46,99.499,124.798,132.641,84.725,121.119,112.141,110.16,35.583,45.795,102.099,121.991,-161.502,-140.786,inputs/tet2_super_af2_bu2_model.pdb,inputs/super_af2_bu2.pdb,tet2,inputs/super_af2_bu2_tet2.csv,30,super_af2_bu2
3.122,2.684,2.745,2.654,2.886,2.742,2.818,2.967,110.259,88.367,103.672,135.999,113.792,131.184,-63.738,-63.828,-170.919,-161.092,172.549,172.549,0.088,1.481,0.234,0.995,0.348,0.46,0.55,0.6,0.42,0.08,0.95,0.84,1.88,True,True,True,True,True,True,True,True,0.98812597990036,0.9624267220497132,0.6327974796295166,0.6265093088150024,0.8200718760490417,0.9789844751358032,0.9468314051628112,97.23,111.709,103.164,100.069,129.956,135.755,86.146,120.081,109.103,108.539,40.936,47.512,104.365,118.48,-161.794,-145.308,inputs/tet2_super_af2_bu2_model.pdb,inputs/super_af2_bu2.pdb,tet2,inputs/super_af2_bu2_tet2.csv,31,super_af2_bu2
3.053,2.75,2.778,4.932,4.178,2.739,3.279,2.7,111.851,91.595,101.445,137.276,8.078,115.042,-64.316,-63.828,-168.106,-159.838,-169.815,-169.815,0.125,1.496,0.373,3.631,1.948,0.61,0.9,1.08,0.42,0.08,1.27,1.17,2.49,True,True,False,True,False,True,True,False,1.2003589868545532,0.9492518901824952,0.7769557237625122,0.7687323689460754,0.8594078421592712,0.9735111594200134,0.9446728229522704,84.193,110.91,86.559,98.544,157.552,138.575,91.533,123.279,142.291,120.13,88.153,48.536,100.307,120.513,-155.778,-135.748,inputs/tet2_super_af2_bu2_model.pdb,inputs/super_af2_bu2.pdb,tet2,inputs/super_af2_bu2_tet2.csv,32,super_af2_bu2
3.133,2.77,2.799,2.791,2.995,2.754,2.502,2.383,107.63,97.168,100.699,140.435,96.807,135.105,-57.748,-63.828,-169.76,-160.07,-139.338,-139.338,0.128,1.489,0.281,2.98,0.385,0.69,0.83,0.99,0.42,0.07,1.32,1.26,2.63,True,True,True,True,False,True,True,True,0.9886173009872437,0.9599220156669616,0.7120088934898376,0.7056463360786438,0.8590654730796814,0.9739242196083068,0.945880651473999,128.078,111.926,97.805,97.881,131.237,137.274,79.504,124.637,125.169,130.034,-14.03,-5.087,100.385,118.393,-157.114,-141.516,inputs/tet2_super_af2_bu2_model.pdb,inputs/super_af2_bu2.pdb,tet2,inputs/super_af2_bu2_tet2.csv,33,super_af2_bu2
3.083,2.683,2.745,2.601,2.795,2.779,2.797,2.796,107.635,89.284,101.579,139.272,113.034,133.872,-63.152,-63.828,-170.857,-163.362,-177.821,-177.821,0.103,1.507,0.166,1.126,0.223,0.47,0.56,0.65,0.5,0.08,1.19,0.87,1.97,True,True,True,True,True,True,True,True,1.096090316772461,0.9535588026046752,0.7329609990119934,0.7214895486831665,0.8564194440841675,0.9734422564506532,0.9368985891342164,103.725,109.954,101.778,100.867,130.698,135.27,83.814,121.611,115.166,115.78,36.698,41.718,107.049,113.512,-161.242,-142.124,inputs/tet2_super_af2_bu2_model.pdb,inputs/super_af2_bu2.pdb,tet2,inputs/super_af2_bu2_tet2.csv,34,super_af2_bu2
3.095,2.649,2.826,2.743,3.125,2.782,3.095,3.445,105.456,95.179,102.528,139.936,108.255,141.01,-59.65,-63.828,-172.936,-166.651,-169.657,-169.657,0.125,1.482,0.253,0.923,0.69,0.39,0.52,0.57,0.4,0.08,0.92,0.64,1.65,True,True,True,True,True,False,True,True,1.0110877752304075,0.9597126841545104,0.6292727589607239,0.624967634677887,0.8138419389724731,0.9806023836135864,0.9507448673248292,98.682,112.454,101.958,97.155,126.901,137.683,86.694,122.756,94.396,89.225,46.023,55.114,102.471,118.362,-162.584,-144.064,inputs/tet2_super_af2_bu2_model.pdb,inputs/super_af2_bu2.pdb,tet2,inputs/super_af2_bu2_tet2.csv,35,super_af2_bu2
3.235,2.762,2.786,2.862,2.788,2.809,2.316,2.465,105.706,88.767,103.402,139.881,102.642,133.165,-68.238,-63.828,-175.897,-168.897,177.146,177.146,0.169,1.478,0.132,1.284,0.503,0.55,0.74,0.88,0.5,0.08,0.89,1.09,2.39,True,True,True,True,True,True,True,True,1.20585298538208,0.93656724691391,0.8771700263023376,0.8675037026405334,0.8594056367874146,0.97795170545578,0.9449593424797058,116.748,111.608,101.82,99.514,144.614,134.402,101.568,122.759,126.535,126.843,48.089,33.699,103.4,118.473,-164.154,-145.165,inputs/tet2_super_af2_bu2_model.pdb,inputs/super_af2_bu2.pdb,tet2,inputs/super_af2_bu2_tet2.csv,36,super_af2_bu2
3.216,2.731,2.795,2.603,3.035,2.823,2.728,2.961,106.548,91.5,100.968,139.4,110.352,138.426,-63.199,-63.828,-171.298,-159.518,-168.444,-168.444,0.079,1.484,0.161,0.775,0.331,0.47,0.52,0.57,0.43,0.08,0.95,0.8,1.99,True,True,True,True,True,False,True,True,0.9874292612075806,0.959437370300293,0.6550174355506897,0.6476801633834839,0.8222102522850037,0.9825300574302672,0.9438021183013916,103.879,112.525,101.106,97.837,131.596,135.398,89.913,120.747,106.476,104.383,46.632,51.046,104.994,116.062,-161.123,-146.029,inputs/tet2_super_af2_bu2_model.pdb,inputs/super_af2_bu2.pdb,tet2,inputs/super_af2_bu2_tet2.csv,37,super_af2_bu2
3.149,2.727,2.802,2.624,3.001,2.771,2.734,2.977,104.584,91.377,101.7,140.407,112.431,137.763,-60.737,-63.828,-174.456,-164.953,-179.246,-179.246,0.127,1.5,0.179,0.796,0.397,0.47,0.51,0.57,0.43,0.07,0.95,0.8,1.9,True,True,True,True,True,True,True,True,0.995583176612854,0.9632402658462524,0.608936071395874,0.6059553623199463,0.8354465365409851,0.9783303141593932,0.9476030468940736,101.918,111.337,103.955,100.193,127.769,133.096,87.94,122.095,110.683,108.585,43.391,49.705,107.564,111.31,-160.967,-146.206,inputs/tet2_super_af2_bu2_model.pdb,inputs/super_af2_bu2.pdb,tet2,inputs/super_af2_bu2_tet2.csv,38,super_af2_bu2
3.123,2.716,2.741,2.607,2.969,2.736,2.642,2.528,106.54,92.223,103.429,136.455,109.846,136.386,-57.986,-63.828,-171.696,-166.7,-162.151,-162.151,0.126,1.493,0.269,2.172,0.526,0.55,0.64,0.72,0.41,0.07,1.44,1.03,2.23,True,True,True,True,False,True,True,True,0.9873512983322144,0.9601272344589232,0.7054012417793274,0.7020124793052673,0.8535587191581726,0.9778484106063844,0.9460930824279784,111.212,110.744,100.376,99.309,127.095,136.672,76.602,125.86,127.033,133.273,-1.672,10.845,104.748,117.694,-163.981,-141.155,inputs/tet2_super_af2_bu2_model.pdb,inputs/super_af2_bu2.pdb,tet2,inputs/super_af2_bu2_tet2.csv,39,super_af2_bu2
3.165,2.69,2.801,2.769,2.672,2.832,2.618,2.692,104.965,85.943,103.013,138.847,112.165,127.277,-68.616,-63.828,-175.982,-164.633,169.871,169.871,0.256,1.484,0.187,1.458,0.527,0.4,0.55,0.65,0.47,0.08,0.87,0.7,1.61,True,True,True,True,False,True,True,True,1.2448945045471191,0.9359386563301086,0.8948685526847839,0.8877409100532532,0.8171036243438721,0.98163503408432,0.9514593482017516,111.247,110.574,103.786,100.069,142.883,132.861,98.823,121.344,111.942,117.665,54.048,43.316,106.582,114.256,-163.93,-147.274,inputs/tet2_super_af2_bu2_model.pdb,inputs/super_af2_bu2.pdb,tet2,inputs/super_af2_bu2_tet2.csv,40,super_af2_bu2
3.188,2.74,2.823,2.773,3.027,2.788,2.883,3.103,106.491,92.963,102.647,138.724,104.244,139.225,-61.307,-63.828,-171.361,-167.964,-162.531,-162.531,0.078,1.488,0.145,0.775,0.515,0.41,0.52,0.59,0.44,0.08,0.96,0.66,1.7,True,True,True,True,True,False,True,True,1.0584605932235718,0.9546722769737244,0.6687352657318115,0.6622413396835327,0.8657374382019043,0.9788811802864076,0.939708650112152,106.376,112.029,101.464,98.021,128.896,137.344,85.402,122.611,106.321,103.238,42.327,50.993,105.275,115.712,-164.675,-144.037,inputs/tet2_super_af2_bu2_model.pdb,inputs/super_af2_bu2.pdb,tet2,inputs/super_af2_bu2_tet2.csv,41,super_af2_bu2
3.138,2.754,2.798,4.92,4.482,2.817,3.488,2.534,108.031,92.852,100.385,139.4,7.64,113.113,-61.884,-63.828,-170.15,-157.363,-177.772,-177.772,0.041,1.499,0.179,3.652,2.325,0.63,0.72,0.83,0.42,0.08,1.19,1.13,2.59,True,True,False,True,False,True,True,False,0.9819052219390868,0.961230993270874,0.6540128588676453,0.6518168449401855,0.8516524434089661,0.9760239720344543,0.946682333946228,68.281,111.64,80.675,97.719,155.457,135.24,78.715,124.146,164.889,127.47,-46.405,-6.379,105.941,112.2,-157.841,-145.408,inputs/tet2_super_af2_bu2_model.pdb,inputs/super_af2_bu2.pdb,tet2,inputs/super_af2_bu2_tet2.csv,42,super_af2_bu2
3.144,2.699,2.788,2.878,2.972,2.74,2.755,2.882,108.418,92.955,102.4,138.875,99.919,141.091,-62.009,-63.828,-171.023,-166.865,-173.564,-173.564,0.103,1.495,0.199,1.041,0.439,0.5,0.58,0.66,0.41,0.08,1.18,0.92,2.15,True,True,True,True,True,True,True,True,1.037629008293152,0.9587650895118712,0.6645210385322571,0.6613669991493225,0.8488640785217285,0.9758864045143129,0.94478440284729,104.814,112.786,100.191,98.08,131.02,138.291,81.465,121.1,114.917,112.588,35.439,44.42,106.968,114.202,-163.472,-145.954,inputs/tet2_super_af2_bu2_model.pdb,inputs/super_af2_bu2.pdb,tet2,inputs/super_af2_bu2_tet2.csv,43,super_af2_bu2
3.026,2.723,2.793,4.876,4.368,2.749,3.172,2.492,111.661,93.305,101.483,138.985,7.713,116.993,-63.319,-63.828,-167.957,-161.202,-170.583,-170.583,0.146,1.493,0.188,3.665,2.152,0.67,1.06,1.13,0.39,0.08,1.16,1.2,2.68,True,True,False,True,False,True,True,False,1.014818787574768,0.9600163102149964,0.6914063096046448,0.6861191391944885,0.8505033850669861,0.9763337969779968,0.9464738965034484,75.205,111.058,84.881,98.858,158.33,139.24,91.512,123.321,169.24,128.293,-25.351,4.207,104.588,115.289,-158.63,-142.06,inputs/tet2_super_af2_bu2_model.pdb,inputs/super_af2_bu2.pdb,tet2,inputs/super_af2_bu2_tet2.csv,44,super_af2_bu2
3.176,2.695,2.871,2.703,3.074,2.773,3.151,3.462,107.065,93.424,103.2,138.92,107.671,139.573,-57.515,-63.828,-171.466,-165.035,-161.007,-161.007,0.062,1.474,0.258,0.88,0.626,0.38,0.52,0.59,0.42,0.08,0.87,0.62,1.59,True,True,True,True,True,False,True,True,1.0396251678466797,0.9598376154899596,0.6390416026115417,0.6331765651702881,0.8244720101356506,0.9802924394607544,0.9508993625640868,101.21,111.47,103.162,98.96,125.24,135.356,87.84,122.594,94.264,89.889,44.347,52.703,102.059,116.081,-163.431,-144.598,inputs/tet2_super_af2_bu2_model.pdb,inputs/super_af2_bu2.pdb,tet2,inputs/super_af2_bu2_tet2.csv,45,super_af2_bu2
3.119,2.67,2.728,2.67,2.962,2.79,2.763,2.858,107.713,88.572,103.729,135.573,116.568,130.545,-60.524,-63.828,-172.183,-163.856,177.063,177.063,0.08,1.494,0.259,1.036,0.511,0.52,0.55,0.63,0.47,0.08,1.16,0.98,2.05,True,True,True,True,True,True,True,True,1.0563311576843262,0.9563164710998536,0.6805156469345093,0.6757344603538513,0.8325886726379395,0.9787434935569764,0.9444379806518556,95.525,110.68,102.67,100.097,125.981,135.415,82.153,121.847,112.63,111.872,34.355,45.402,106.774,114.773,-160.387,-144.641,inputs/tet2_super_af2_bu2_model.pdb,inputs/super_af2_bu2.pdb,tet2,inputs/super_af2_bu2_tet2.csv,46,super_af2_bu2
3.189,2.748,2.818,2.795,3.045,2.802,3.225,3.474,105.922,93.126,101.569,139.404,106.883,139.539,-59.581,-63.828,-171.139,-163.985,-165.722,-165.722,0.054,1.497,0.164,0.926,0.56,0.41,0.5,0.56,0.41,0.07,0.97,0.69,1.71,True,True,True,True,True,False,True,True,1.0657529830932615,0.9579626321792604,0.6367429494857788,0.632813036441803,0.8320673108100891,0.978950023651123,0.9492106437683104,102.242,111.252,101.968,98.586,127.03,136.489,86.723,123.164,91.442,87.343,46.714,54.269,108.623,111.501,-161.949,-147.881,inputs/tet2_super_af2_bu2_model.pdb,inputs/super_af2_bu2.pdb,tet2,inputs/super_af2_bu2_tet2.csv,47,super_af2_bu2
3.132,2.69,2.789,2.848,2.492,2.779,2.632,2.684,106.779,89.425,102.115,138.274,96.616,137.402,-64.09,-63.828,-171.697,-164.124,-163.26,-163.26,0.059,1.5,0.236,2.129,0.489,0.55,0.72,0.89,0.41,0.08,1.18,1.09,2.26,True,True,True,True,True,True,True,True,0.9925581216812134,0.9616711735725404,0.6654385328292847,0.6621201634407043,0.8716326355934143,0.97127366065979,0.9426352381706238,123.931,110.757,105.255,99.667,143.461,136.718,85.011,121.971,114.259,122.206,47.568,39.763,104.663,116.285,-161.971,-144.209,inputs/tet2_super_af2_bu2_model.pdb,inputs/super_af2_bu2.pdb,tet2,inputs/super_af2_bu2_tet2.csv,48,super_af2_bu2
3.142,2.748,2.808,4.753,4.454,2.803,3.386,2.43,112.966,93.277,101.297,138.54,12.893,118.758,-63.145,-63.828,-166.814,-155.189,-165.39,-165.39,0.109,1.477,0.413,3.522,2.217,0.67,1.97,1.79,0.45,0.08,1.09,1.33,2.76,True,True,False,True,False,True,True,False,1.0094584226608276,0.9583355188369752,0.6998980045318604,0.695106029510498,0.8824788928031921,0.974096417427063,0.9452834129333496,72.628,112.465,81.833,97.913,156.417,138.335,81.408,123.864,169.327,131.168,59.791,21.954,95.014,122.519,-153.406,-135.156,inputs/tet2_super_af2_bu2_model.pdb,inputs/super_af2_bu2.pdb,tet2,inputs/super_af2_bu2_tet2.csv,49,super_af2_bu2
